事務所コード,関与先コード,個人コード,提携先コード,関与先,実　績(A),前年実績(B),(A/B)
99999,032,0,,島根県庁,46:40,,
99999,889,0,,広島市祇園町外二ケ町,9:40,,
99999,890,0,,広島県土地改良区連合,20:40,,
99999,028,26,,兵庫県宍粟市,9:20,,
99999,028,39,,兵庫県新温泉町,0:40,,
99999,031,14,,鳥取県大山町,1:30,,
99999,031,19,,鳥取県江府町,1:00,,
99999,031,30,,日野町江府町日南町衛生施設組合,15:00,,
99999,031,31,,鳥取中部ふるさと広域連合,1:00,,
99999,031,34,,南部箕蚊屋広域連合,3:30,,
99999,031,36,,鳥取県後期高齢者医療広域連合,14:30,,
99999,032,3,,島根県出雲市,6:05,,
99999,032,6,,島根県安来市,2:20,,
99999,032,8,,島根県雲南市,1:00,,
99999,032,10,,島根県飯南町,1:35,,
99999,032,13,,島根県邑南町,15:55,,
99999,032,14,,島根県津和野町,2:30,,
99999,032,34,,益田地区広域市町村圏事務組合,12:30,,
99999,032,38,,鹿足郡養護老人ホーム組合,21:20,,
99999,032,42,,浜田地区広域行政組合,3:00,,
99999,033,6,,岡山県井原市,21:40,,
99999,033,8,,岡山県高梁市,6:40,,
99999,033,9,,岡山県新見市,3:20,,
99999,033,10,,岡山県備前市,1:00,,
99999,033,12,,岡山県赤磐市,2:00,,
99999,033,14,,岡山県美作市,0:30,,
99999,033,15,,岡山県浅口市,3:00,,
99999,033,17,,岡山県早島町,1:40,,
99999,033,22,,岡山県勝央町,2:00,,
99999,033,50,,岡山県市町村総合事務組合,2:00,,
99999,033,52,,神崎衛生施設組合,15:10,,
99999,033,56,,田原用水組合,1:00,,
99999,033,57,,柵原、吉井、英田火葬場施設組合,0:10,,
99999,033,61,,岡山県井原地区清掃施設組合,11:10,,
99999,033,62,,井原地区消防組合,7:50,,
99999,033,63,,高梁地域事務組合,3:55,,
99999,034,1,,広島県広島市,4:25,,
99999,034,4,,広島県三原市,23:30,,
99999,034,5,,広島県尾道市,1:45,,
99999,034,9,,広島県庄原市,2:10,,
99999,034,12,,広島県廿日市市,9:00,,
99999,034,17,,広島県熊野町,2:00,,
99999,034,20,,広島県北広島町,33:45,,
99999,034,45,,芸北広域環境施設組合,7:50,,
99999,034,47,,広島中央環境衛生組合,0:30,,
99999,034,63,,広島県後期高齢者医療広域連合,9:00,,
99999,035,18,,山口県平生町,15:20,,
99999,035,28,,玖西環境衛生組合,14:00,,
99999,035,31,,熊南総合事務組合,9:30,,
99999,035,33,,山口県後期高齢者医療広域連合,1:45,,
99999,035,34,,山口県市町総合事務組合,1:30,,
99999,036,29,,徳島県後期高齢者医療連合,9:30,,
99999,036,30,,徳島県市町村総合事務組合,1:30,,
99999,036,32,,徳島中央広域連合,2:00,,
99999,036,36,,海部消防組合,4:55,,
99999,038,3,,愛媛県宇和島市,1:00,,
99999,038,5,,愛媛県新居浜市,20:30,,
99999,038,6,,愛媛県西条市,37:15,,
99999,038,7,,愛媛県大洲市,3:45,,
99999,038,37,,大洲喜多特別養護老人ホーム事務組,10:45,,
99999,038,38,,大洲地区広域消防事務組合,11:00,,
99999,038,39,,愛媛県後期高齢者医療広域連合,7:05,,
99999,039,46,,高知県市町村総合事務組合,8:00,,
,,,,【合計】,526:05,0:00,
