No,TKC,MJS,STR,Time
TEST,TEST,TEST,TEST,TEST
919,スマートネクスト　株式会社,スマートネクスト　株式会社,_利用登録なし,2022-02-08 17:49:44.604880
100,株式会社　ヒロプランニング,ミロク株式会社,_データオープン成功,2022-02-08 17:51:47.138918
105,株式会社　エス・ケイハウジング,㈱エス・ケイハウジング,_利用登録なし,2022-02-08 17:52:22.620399
106,株式会社　ジーエムサービス,株式会社　ジーエムサービス,_データオープン成功,2022-02-08 17:52:43.174974
107,有限会社　ブリスアート,有限会社　ブリスアート,_利用登録なし,2022-02-08 17:53:16.489743
108,合同会社　壬辰,合同会社　壬辰,_データオープン成功,2022-02-08 17:53:37.127885
100,株式会社　ヒロプランニング,ミロク株式会社,_データオープン成功,2022-02-08 19:19:35.731928
105,株式会社　エス・ケイハウジング,㈱エス・ケイハウジング,_利用登録なし,2022-02-08 19:20:11.054779
106,株式会社　ジーエムサービス,株式会社　ジーエムサービス,_データオープン成功,2022-02-08 19:20:31.566654
107,有限会社　ブリスアート,有限会社　ブリスアート,_利用登録なし,2022-02-08 19:21:05.001502
108,合同会社　壬辰,合同会社　壬辰,_データオープン成功,2022-02-08 19:21:25.479538
121,有限会社　石田鉄工所,有限会社　石田鉄工所,_データオープン成功,2022-02-08 19:22:06.984070
