DisplayName,Visibility,Archived,SiteURL,SiteSizeMB
917-0 ジャニスクリエイト　株式会社 様,Private,FALSE,,
497-0 株式会社　福永建設工業 様,Private,FALSE,,
1922-0 ほっかほっか亭　南西原店 様,Private,FALSE,,
1490-0 しゃもじ蕎麦　三六 様,Private,FALSE,,
1127-0 前田　実 様,Private,FALSE,,
268-0 株式会社　広松 様,Private,FALSE,,
9291-0 ヘアーモード　スニップ 様,Private,FALSE,,
1763-0 旨い酒と鉄板　卓 様,Private,FALSE,,
9781-0 有限会社　トランスポートハマコー 様,Private,FALSE,,
321-0 有限会社　ウェルストン 様,Private,FALSE,,
100-0 株式会社　ヒロプランニング 様,Private,FALSE,,
202-0 株式会社　フジ興産 様,Private,FALSE,,
355-0 株式会社　プロノテック 様,Private,FALSE,,
371-0 株式会社　アクアメディカル 様,Private,FALSE,,
1845-0 エムエイ 様,Private,FALSE,,
1578-0 新久　千映 様,Private,FALSE,,
418-0 株式会社　ＬＩＬＥ　ＴＨＥ　ＳＴＹＬＥ 様,Private,FALSE,,
935-0 森川電業　株式会社 様,Private,FALSE,,
861-0 明和工業　有限会社 様,Private,FALSE,,
872-0 株式会社　希翼 様,Private,FALSE,,
9599-0 株式会社　ひらた 様,Private,FALSE,,
682-0 医療法人　若星会 様,Private,FALSE,,
9587-0 株式会社　フレックス 様,Private,FALSE,,
1111-0 安孫子　弓江 様,Private,FALSE,,
297-0 株式会社　Ｓ＆Ｋプラザ 様,Private,FALSE,,
127-0 株式会社　広島ハウジング 様,Private,FALSE,,
648-0 株式会社 KSG 様,Public,FALSE,,
448-0 有限会社　オフィス・ウエンブリー 様,Private,FALSE,,
263-0 株式会社　綺萌 様,Private,FALSE,,
994-0 株式会社　オフィス．Ｋ－ＬＩＦＥ 様,Private,FALSE,,
908-0 福三　株式会社 様,Private,FALSE,,
291-0 有限会社　森原自動車商会 様,Private,FALSE,,
725-0 株式会社 総合美装 様,Private,FALSE,,
129-0 有限会社　モリモト建装 様,Private,FALSE,,
328-0 株式会社　林写真館 様,Private,FALSE,,
1266-0 ＬＥＧＡＴＯ 様,Private,FALSE,,
140-0 有限会社　ダイクス 様,Private,FALSE,,
1356-0 どさんこ茶屋 様,Private,FALSE,,
346-0 一般社団法人　呉娑々宇スポーツクラブ 様,Private,FALSE,,
228-0 株式会社　ヒロコウ 様,Private,FALSE,,
9598-0 株式会社　アスリートプレミア 様,Private,FALSE,,
361-0 日本グローバルサービス　株式会社 様,Private,FALSE,,
277-0 有限会社　連合設備設計 様,Private,FALSE,,
1625-0 Ｓｐａｒｒｏｗ 様,Private,FALSE,,
498-0 株式会社　ＢＯＳＣＨ　ｌｕｆｔ 様,Private,FALSE,,
試算表テスト,Public,FALSE,,
971-0 株式会社　Ｊ’ＣＲＡＦＴＳ 様,Private,FALSE,,
295-0 シーエムシー 株式会社 様,Private,FALSE,,
723-0 株式会社　カラーベース 様,Private,FALSE,,
9596-0 株式会社　栄縁 様,Private,FALSE,,
70-0 有限会社シーピー・ペペ 様,Private,FALSE,,
1527-0 ＲＩＣ鳴戸屋 様,Private,FALSE,,
1243-0 ファム　戸坂店 様,Private,FALSE,,
464-0 医療法人社団　松成会 様,Private,FALSE,,
798-0 有限会社　ビューティサロン　チャーム 様,Private,FALSE,,
22-0 有限会社　ゼスト 様,Private,FALSE,,
756-0 曽里舗装　株式会社 様,Private,FALSE,,
880-0 日高運送　有限会社 様,Private,FALSE,,
396-0 有限会社　脇本商店 様,Private,FALSE,,
308-0 大和ホールディングス株式会社 様,Private,FALSE,,
104-0 株式会社　フィラメンツ 様,Private,FALSE,,
742-0 株式会社　広島ＴＣＦ’Ｓ 様,Private,FALSE,,
61-0 株式会社　アイアールマーケット 様,Private,FALSE,,
382-0 株式会社　Ｍｙｃｅ 様,Private,FALSE,,
28-0 有限会社　坂本システム 様,Private,FALSE,,
1827-0 Ｇ－ＣＲＥＳＴ 様,Private,FALSE,,
1581-0 フラワー歯科 様,Private,FALSE,,
9583-0 株式会社　大上商店 様,Private,FALSE,,
386-0 株式会社　ＹＫＨ 様,Private,FALSE,,
1791-0 アリスソー犬舎 様,Private,FALSE,,
1736-0 ポスト 様,Private,FALSE,,
1892-0 リベルター　ヘッド　ショップ 様,Private,FALSE,,
1349-0 フラワーショップ花将 様,Private,FALSE,,
249-0 株式会社　義工業 様,Private,FALSE,,
85-0 医療法人社団　誠友会 様,Private,FALSE,,
137-0 株式会社　Ｆ－ＳＴ 様,Private,FALSE,,
335-0 株式会社　メカトロ総合開発 様,Private,FALSE,,
1986-0 Ａｋａｒｉ　Ｈａｉｒ－Ｓｔｕｄｉｏ 様,Private,FALSE,,
1934-0 大石謙二 様,Private,FALSE,,
496-0 医療法人社団　聴晴会 様,Private,FALSE,,
1994-0 吟結　はなもり 様,Private,FALSE,,
1836-0 福寿館 様,Private,FALSE,,
766-0 日本クリエイト　株式会社 様,Private,FALSE,,
1418-0 雲のうえ 様,Private,FALSE,,
154-0 株式会社　アール・イー 様,Private,FALSE,,
392-0 株式会社　はる整骨院 様,Private,FALSE,,
273-0 株式会社　ドリームガーデン 様,Private,FALSE,,
433-0 有限会社　レインズ 様,Private,FALSE,,
1021-0 チェリー美容室 様,Private,FALSE,,
1052-0 みたお鍼灸整骨院 様,Private,FALSE,,
482-0 有限会社　マルミツ 様,Private,FALSE,,
338-0 バングロード　株式会社 様,Private,FALSE,,
294-0 有限会社　新井板金 様,Private,FALSE,,
264-0 株式会社　向井建工 様,Private,FALSE,,
114-0 住みんぐ不動産株式会社 様,Private,FALSE,,
310-0 有限会社　春葵興産 様,Private,FALSE,,
12-0 有限会社　広島シティサービス 様,Private,FALSE,,
341-0 有限会社　ライジングテック 様,Private,FALSE,,
967-0 株式会社　コミュニティ・ライフもみじ 様,Private,FALSE,,
1548-0 犬のしつけ　Ｓｈａｋｅ　Ｈａｎｄ’ｓ 様,Private,FALSE,,
352-0 株式会社　ＳＰ折口自動車 様,Private,FALSE,,
1081-0 ほっかほっか亭　グランドタワー前店 様,Private,FALSE,,
1887-0 お好み焼　ＢＡＫＵＤＡＩ 様,Private,FALSE,,
1100-0 シマ電工 様,Private,FALSE,,
702-0 有限会社　ケアネット広島 様,Private,FALSE,,
726-0 株式会社　チウラ 様,Private,FALSE,,
1474-0 あゆ茶屋 様,Private,FALSE,,
221-0 株式会社　ホーユー 様,Private,FALSE,,
1058-0 もつ壱　本店 様,Private,FALSE,,
290-0 永億林業　株式会社 様,Private,FALSE,,
119-0 株式会社　ＬＩＢＥＬＯ 様,Private,FALSE,,
55-0 株式会社　サンセール藤原 様,Private,FALSE,,
1185-0 リアーク整体院 様,Private,FALSE,,
1899-0 ＺＥＲＯ 様,Private,FALSE,,
217-0 株式会社　ＮＫ興産 様,Private,FALSE,,
1798-0 鳴滝設計事務所 様,Private,FALSE,,
204-0 有限会社　小笠原モータース 様,Private,FALSE,,
1038-0 沖　司法書士事務所 様,Private,FALSE,,
0,Public,FALSE,,
1045-0 セブンイレブン広島戸坂南店 様,Private,FALSE,,
785-0 株式会社　Ｓｏｓｈ　ｉｎｃ． 様,Private,FALSE,,
1122-0 ＧＯＣＣＥ　ＣＯＦＦＥＥ 様,Private,FALSE,,
9487-0 Ｓ＆Ｔ 様,Private,FALSE,,
158-0 株式会社　縁 様,Private,FALSE,,
1362-0 うけがわ 様,Private,FALSE,,
128-0 株式会社　ひなた 様,Private,FALSE,,
925-0 Ｔ’ｓ　Ｔｒａｎｓｐｏｒｔ　Ｎｅｔｗｏｒｋ　株式会社 様,Private,FALSE,,
23-0 有限会社　ウタニ 様,Private,FALSE,,
814-0 新庄保育園 様,Private,FALSE,,
288-0 株式会社　ｂｏｈｅｍｉａｎ 様,Private,FALSE,,
460-0 株式会社　カー・ドクターＴ３ 様,Private,FALSE,,
1838-0 ＡＩＣデンタルクリニック・ヴィラ 様,Private,FALSE,,
126-0 有限会社　エスシーサービス 様,Private,FALSE,,
1090-0 上野歯科医院 様,Private,FALSE,,
675-0 有限会社　江坂 様,Private,FALSE,,
1995-0 ＳＩＧＮＡＴＵＲＥ 様,Private,FALSE,,
1985-0 すみれ歯科クリニック 様,Private,FALSE,,
1300-0 ニシムラ電気 様,Private,FALSE,,
1999-0 両儀 様,Private,FALSE,,
4120-0 ほっともっと東広島市役所前店 様,Private,FALSE,,
1246-0 小笠原歯科医院 様,Private,FALSE,,
120-0 田口石油販売　株式会社 様,Private,FALSE,,
1988-0 ワールドコレクション 様,Private,FALSE,,
358-0 株式会社　大成測量 様,Private,FALSE,,
991-0 株式会社　ＩＭＰＲＥＳＳ 様,Private,FALSE,,
372-0 ラフ株式会社 様,Private,FALSE,,
869-0 株式会社　サニーテック 様,Private,FALSE,,
404-0 株式会社　大畠工作所 様,Private,FALSE,,
505-0 株式会社　とき 様,Private,FALSE,,
973-0 伊藤工業　株式会社 様,Private,FALSE,,
465-0 株式会社　スズキプラザ北 様,Private,FALSE,,
1466-0 ほっかほっか亭府中浜田店 様,Private,FALSE,,
237-0 株式会社　ファインレック 様,Private,FALSE,,
904-0 株式会社　エスアイカンパニー 様,Private,FALSE,,
9687-0 一般財団法人　青葉学園 様,Private,FALSE,,
863-0 株式会社　夢進 様,Private,FALSE,,
367-0 株式会社　総和工業 様,Private,FALSE,,
282-0 株式会社 KIworks 様,Private,FALSE,,
727-0 株式会社　わちゃめちゃ 様,Private,FALSE,,
234-0 株式会社　リペクト 様,Private,FALSE,,
732-0 株式会社　フロンティア 様,Private,FALSE,,
1801-0 キタヤマ印房 様,Private,FALSE,,
314-0 アイズ株式会社 様,Private,FALSE,,
417-0 合同会社　ｄｅｆｉ 様,Private,FALSE,,
210-0 株式会社　西川之企業 様,Private,FALSE,,
201-0 Ｎｅｘｔ　株式会社 様,Private,FALSE,,
211-0 有限会社　佐久間運送 様,Private,FALSE,,
826-0 有限会社　金子正史建工 様,Private,FALSE,,
839-0 一般財団法人　広島県集団検診協会 様,Private,FALSE,,
254-0 有限会社　中川プロセス印刷 様,Private,FALSE,,
19-0 有限会社　ファミリーライフ広島 様,Private,FALSE,,
1821-0 工藤興業 様,Private,FALSE,,
52-0 株式会社　ヨコロ 様,Private,FALSE,,
44-0 広島ラヂエーター　株式会社 様,Private,FALSE,,
309-0 有限会社　エヌ・ケー・オー 様,Private,FALSE,,
68-0 株式会社　Ｆａｍｉｌｌｅ 様,Private,FALSE,,
112-0 株式会社　ＡＣＥ 様,Private,FALSE,,
1768-0 Ｈａｌｆ　Ｌｉｆｅ 様,Private,FALSE,,
879-0 株式会社　オートズファクトリーミト 様,Private,FALSE,,
1875-0 煌工業 様,Private,FALSE,,
136-0 社会福祉法人　杉の子会 様,Private,FALSE,,
987-0 株式会社　クラフト 様,Private,FALSE,,
1706-0 ＲＯＳＳＯ 様,Private,FALSE,,
1834-0 啓愛クリニック 様,Private,FALSE,,
133-0 株式会社 クローバーキッチン 様,Private,FALSE,,
207-0 有限会社　成和工業 様,Private,FALSE,,
165-0 合同会社ＢＲＡＮ 様,Private,FALSE,,
683-0 株式会社　アンジュ 様,Private,FALSE,,
1623-0 Ｌｅｉ　ｐｌａｎｎｉｎｇ 様,Private,FALSE,,
1214-0 サウンドショップ　キミハラ 様,Private,FALSE,,
712-0 中山法面工業　有限会社 様,Private,FALSE,,
796-0 株式会社　コーシンパートナーズ 様,Private,FALSE,,
1387-0 ＺＥＯＮ 様,Private,FALSE,,
1475-0 マッシュ　井口店 様,Private,FALSE,,
1869-0 てっぱん匠 様,Private,FALSE,,
1237-0 大塚歯科－あいりす－ 様,Private,FALSE,,
1933-0 森本　貴子 様,Private,FALSE,,
税理士法人 長谷川会計,Public,FALSE,,
1545-0 Ｃａｒ－ｍｏｄｅ 様,Private,FALSE,,
1655-0 ボーグ 様,Private,FALSE,,
1785-0 ソニー生命保険株式会社 様,Private,FALSE,,
329-0 矢神興産　株式会社 様,Private,FALSE,,
4081-0 船崎水産　　船崎　利彦 様,Private,FALSE,,
824-0 株式会社３Ｒ 様,Private,FALSE,,
1026-0 和炎 様,Private,FALSE,,
1901-0 エム・ディー・エス 様,Private,FALSE,,
323-0 有限会社　Ｃａｓｔ－Ｄｅｖｅｌｏｐｍｅｎｔ 様,Private,FALSE,,
71-0 株式会社　インクルース 様,Private,FALSE,,
852-0 株式会社　真尚興業 様,Private,FALSE,,
347-0 株式会社　鍵本工業 様,Private,FALSE,,
1178-0 網本内科消化器科医院 様,Private,FALSE,,
451-0 株式会社　繁蔵 様,Private,FALSE,,
974-0 社会福祉法人　和気福祉会 様,Private,FALSE,,
1820-0 きくま 様,Private,FALSE,,
4118-0 赤ちょうちん　西条店 様,Private,FALSE,,
421-0 株式会社　ＴＡＫＵＳＥＩ 様,Private,FALSE,,
319-0 櫻井ビル　株式会社 様,Private,FALSE,,
9581-0 社会福祉法人　西中国キリスト教社会事業団 様,Private,FALSE,,
9783-0 公益財団法人　廿日市市芸術文化振興事業団 様,Private,FALSE,,
1107-0 ＨＡＩＲ　ＣＲＥＡＴＥ　ＧＥＮＴＳ 様,Private,FALSE,,
4134-0 ウムヴェルト株式会社 様,Private,FALSE,,
226-0 有限会社　広島四恩社 様,Private,FALSE,,
186-0 株式会社　木船総業 様,Private,FALSE,,
716-0 株式会社　エス興業 様,Private,FALSE,,
9688-0 有限会社　テレサバージュ 様,Private,FALSE,,
394-0 株式会社　塚本鉄工所 様,Private,FALSE,,
1694-0 スナックうるぐす 様,Private,FALSE,,
284-0 株式会社　Ｂｅ　ＳＴＹＬＥ 様,Private,FALSE,,
1399-0 ダイニング　ジン 様,Private,FALSE,,
995-0 有限会社　丸多賀不動産 様,Private,FALSE,,
425-0 株式会社　サンキョウ 様,Private,FALSE,,
906-0 三益物産　株式会社 様,Private,FALSE,,
1378-0 Ｂａｋｅｒｙ　Ｔｏｎｎｏｎ 様,Private,FALSE,,
35-0 ＹＭＦ株式会社 様,Private,FALSE,,
881-0 合同会社　ひなた商店 様,Private,FALSE,,
1436-0 Ｂａｒ　ｄｅ　Ｅｓｐａｎａ　スペイン居酒屋　ＡＮＩＭＯ 様,Private,FALSE,,
882-0 株式会社　オカモト 様,Private,FALSE,,
333-0 有限会社　ティアンドエス 様,Private,FALSE,,
1393-0 とよた歯科 様,Private,FALSE,,
960-0 株式会社　ミウラ 様,Private,FALSE,,
1311-0 リペアー 様,Private,FALSE,,
212-0 株式会社　サンエスシステム 様,Private,FALSE,,
490-0 有限会社　ムカイハタタイヤ 様,Private,FALSE,,
311-0 有限会社　イッシービッシー 様,Private,FALSE,,
697-0 有限会社　コスモケア・サポート 様,Private,FALSE,,
1526-0 近藤　正彦 様,Private,FALSE,,
461-0 有限会社　　タッケン 様,Private,FALSE,,
131-0 株式会社　エム・アイ・シー 様,Private,FALSE,,
1309-0 寿し処　やましろ 様,Private,FALSE,,
698-0 株式会社　ネクストアースコーポレーション 様,Private,FALSE,,
1130-0 ゆたか歯科クリニック 様,Private,FALSE,,
681-0 株式会社　出道 様,Private,FALSE,,
506-0 有限会社　大上家具工業 様,Private,FALSE,,
502-0 株式会社　コニリア 様,Private,FALSE,,
788-0 株式会社　大幸 様,Private,FALSE,,
938-0 株式会社　青葉 様,Private,FALSE,,
1182-0 ソウル 様,Private,FALSE,,
1032-0 光山内科クリニック 様,Private,FALSE,,
1095-0 ｃｏ－ｋｙｕ 様,Private,FALSE,,
1948-0 ほっともっと春日町店 様,Private,FALSE,,
815-0 ぷれいすくーる　ちゅーりっぷ 様,Private,FALSE,,
9699-0 株式会社　しろがねや 様,Private,FALSE,,
1705-0 ホリウチガラス 様,Private,FALSE,,
1928-0 健星工業 様,Private,FALSE,,
1745-0 ＳＷＩＮＧＩＮＧ　ＢＩＲＤ　ＫＩＴＣＨＥＮ 様,Private,FALSE,,
1249-0 Ｂａｋｅｒｙ　Ｒｉｓｅ 様,Private,FALSE,,
224-0 純薬　株式会社 様,Private,FALSE,,
139-0 典工　株式会社 様,Private,FALSE,,
1772-0 炭火焼鳥　鶏咲 様,Private,FALSE,,
875-0 株式会社　Ｃａｓｔ　ｈａｉｒ　ｄｏｌｌ 様,Private,FALSE,,
1811-0 Ｃｈｉｐｉｅ 様,Private,FALSE,,
30-0 株式会社　平安堂 様,Private,FALSE,,
1404-0 ボディリセット　直。 様,Private,FALSE,,
189-0 合同会社　オレンジ 様,Private,FALSE,,
452-0 有限会社　エフコピー 様,Private,FALSE,,
1789-0 Ｇｒａｄｏ　ｈａｉｒ 様,Private,FALSE,,
1294-0 美容室　コットン 様,Private,FALSE,,
1329-0 整体屋さん　げんき 様,Private,FALSE,,
472-0 有限会社　アイネス 様,Private,FALSE,,
1559-0 ｍｅｌｌｏｗ　ｈａｉｒ 様,Private,FALSE,,
405-0 医療法人社団　滋泉会 様,Private,FALSE,,
1099-0 セブンイレブン広島緑井５丁目店 様,Private,FALSE,,
414-0 株式会社　九頭龍 様,Private,FALSE,,
473-0 株式会社　オーエフエー 様,Private,FALSE,,
1895-0 おがわ屋 様,Private,FALSE,,
401-0 株式会社　燁 様,Private,FALSE,,
1572-0 ａｒｔ・ｃｅｎｔｔｉｅｒ 様,Private,FALSE,,
289-0 株式会社　城明設計 様,Private,FALSE,,
57-0 有限会社　モトショップ　イモト 様,Private,FALSE,,
947-0 合同会社　Ｔａｋｅ 様,Private,FALSE,,
246-0 有限会社　バンセイ 様,Private,FALSE,,
763-0 株式会社　マグネット 様,Private,FALSE,,
47-0 キュートク　株式会社 様,Private,FALSE,,
981-0 有限会社　巴組 様,Private,FALSE,,
1044-0 アサヒ 様,Private,FALSE,,
849-0 株式会社　アクティス 様,Private,FALSE,,
1814-0 ｐｉｅｒｒｏｔ 様,Private,FALSE,,
257-0 株式会社　三洋石材 様,Private,FALSE,,
152-0 株式会社　エフ・エーシステム 様,Private,FALSE,,
946-0 株式会社　ポップジャパン 様,Private,FALSE,,
258-0 グローバルワンエイティ　株式会社 様,Private,FALSE,,
1335-0 葵光房スタジオ 様,Private,FALSE,,
1333-0 はんず　広島西店 様,Private,FALSE,,
32-0 学校法人　岩本学園 様,Private,FALSE,,
1565-0 Ｋ’ｓファーム 様,Private,FALSE,,
989-0 サンライズホームズ　株式会社 様,Private,FALSE,,
1392-0 Ｐｌａｓｔｅｒｄ　Ｓａｌｏｏｎ 様,Private,FALSE,,
1842-0 昴建 様,Private,FALSE,,
9885-0 貞右衛門　合同会社 様,Private,FALSE,,
774-0 株式会社　いでしたケアサービス 様,Private,FALSE,,
1425-0 釣か飯 様,Private,FALSE,,
1305-0 こころ司法書士事務所 様,Private,FALSE,,
794-0 皆得建工　株式会社 様,Private,FALSE,,
222-0 有限会社　富重工業 様,Private,FALSE,,
1144-0 颯爽 様,Private,FALSE,,
1367-0 ＢＡＲＢＥＲ　ＳＨＯＰ　Ａ－ＳＴＹＬＥ 様,Private,FALSE,,
1317-0 ｓｃｅｌｔ 様,Private,FALSE,,
1746-0 ＡＴＥＮＡ　ＡＶＥＤＡ 様,Private,FALSE,,
381-0 株式会社　型美工務 様,Private,FALSE,,
1538-0 ＣＵＣＩＮＡ　ＭＯＮＯ 様,Private,FALSE,,
1721-0 お好み焼　ゴリ鉄 様,Private,FALSE,,
1033-0 松本防水 様,Private,FALSE,,
255-0 有限会社　アフコメンテナンス 様,Private,FALSE,,
457-0 有限会社　はなまる観光 様,Private,FALSE,,
272-0 有限会社　黒木工務店 様,Private,FALSE,,
789-0 特定非営利活動法人　広島自立支援センターともに 様,Private,FALSE,,
1970-0 Ｊｅｗｅｌｒｙ・ＨＯＮＤＡ 様,Private,FALSE,,
758-0 株式会社　エムリス 様,Private,FALSE,,
408-0 カレッジカレッジ　合同会社 様,Private,FALSE,,
1734-0 お好み焼　安佐火 様,Private,FALSE,,
1974-0 ｍｕｓａｓｈｉｍａｒｕ　ｃａｆｅ 様,Private,FALSE,,
4052-0 株式会社　織田建設 様,Private,FALSE,,
1819-0 創作割烹　桂 様,Private,FALSE,,
9787-0 株式会社　みずの 様,Private,FALSE,,
1323-0 銀のさら　広島南店 様,Private,FALSE,,
495-0 有限会社　クリーンサービスオクダ 様,Private,FALSE,,
1606-0 サカイ工業 様,Private,FALSE,,
1638-0 ＫＡＺ住宅設備 様,Private,FALSE,,
500-0 びほく　株式会社 様,Private,FALSE,,
503-0 株式会社　たはら 様,Private,FALSE,,
1376-0 お好み焼き　鉄板串焼き　やまだ 様,Private,FALSE,,
276-0 株式会社　サンシーモールド 様,Private,FALSE,,
1308-0 広島ホーム設計 様,Private,FALSE,,
116-0 有限会社　ナカイ 様,Private,FALSE,,
1454-0 山本内科医院 様,Private,FALSE,,
1341-0 キーストーン 様,Private,FALSE,,
105-0 株式会社　エス・ケイハウジング 様,Private,FALSE,,
965-0 株式会社　藤井企画 様,Private,FALSE,,
438-0 メイク・アップリフォーム株式会社 様,Private,FALSE,,
409-0 有限会社　プルミエール 様,Private,FALSE,,
856-0 エル・キュービック　株式会社 様,Private,FALSE,,
1524-0 安佐ルーフ 様,Private,FALSE,,
364-0 株式会社　アライド 様,Private,FALSE,,
1849-0 松尾整形外科リハビリクリニック 様,Private,FALSE,,
699-0 株式会社　日本オートモーティブマーケティングサービス 様,Private,FALSE,,
1828-0 ａｆｆｅｔｔｏ 様,Private,FALSE,,
1618-0 魚のイズオカ 様,Private,FALSE,,
1262-0 ヘアーモ－ド　ケン 様,Private,FALSE,,
1196-0 Ｈｉｒｏｓｈｉｍａ　Ｔａｍａｇｏ　Ｃｌｕｂ　ＦＵＷＡＴＴＲＯ 様,Private,FALSE,,
782-0 医療法人社団　女性クリニックラポール 様,Private,FALSE,,
9395-0 安森　聡太朗 様,Private,FALSE,,
939-0 株式会社　ＳＨＯＥＩ 様,Private,FALSE,,
349-0 武田建工 様,Private,FALSE,,
1498-0 ａｕｂｅ　ｐａｔｉｓｓｉｅｒ　ｓｈｉｎｊｉｍｏｒｉ 様,Private,FALSE,,
1190-0 天ぷら食堂　田丸 様,Private,FALSE,,
685-0 有限会社　サニーコーポレーション 様,Private,FALSE,,
1056-0 ＨＡＩＲ　ＡーＵＮ 様,Private,FALSE,,
312-0 有限会社　パル動物病院 様,Private,FALSE,,
1282-0 肉じるしるし 様,Private,FALSE,,
4010-0 有限会社　サクラウェルド 様,Private,FALSE,,
4034-0 有限会社　能美工作所 様,Private,FALSE,,
343-0 株式会社　クローバー 様,Private,FALSE,,
378-0 株式会社　匠 様,Private,FALSE,,
4056-0 株式会社　ハラケン工舎 様,Private,FALSE,,
724-0 株式会社　ＮＳコンサルタンツ 様,Private,FALSE,,
1960-0 ラウンジ　櫂 様,Private,FALSE,,
230-0 株式会社　ＦＩＯＲＥ 様,Private,FALSE,,
963-0 株式会社　サンビレッジ 様,Private,FALSE,,
58-0 ＨＲＴ　株式会社 様,Private,FALSE,,
1155-0 和食居酒屋　お花 様,Private,FALSE,,
775-0 株式会社　いでした 様,Private,FALSE,,
1012-0 光栄リース 様,Private,FALSE,,
1488-0 フィールド 様,Private,FALSE,,
236-0 ＡＫＩＲＡ　株式会社 様,Private,FALSE,,
1068-0 拓鉄工業 様,Private,FALSE,,
18-0 株式会社　岡崎プロダクション 様,Private,FALSE,,
195-0 株式会社　サン・テック 様,Private,FALSE,,
385-0 株式会社　ベイワン 様,Private,FALSE,,
968-0 橋本　有限会社 様,Private,FALSE,,
431-0 有限会社　立石建築設計 様,Private,FALSE,,
1346-0 タカキホームサービス 様,Private,FALSE,,
786-0 エヌ・エス・コーポレーション　株式会社 様,Private,FALSE,,
1160-0 ほっかほっか亭西条下見店 様,Private,FALSE,,
9293-0 Ｇａｒａｇｅ９６ 様,Private,FALSE,,
474-0 株式会社　ワンダーウォール 様,Private,FALSE,,
363-0 株式会社　ＮＫ 様,Private,FALSE,,
962-0 社会福祉法人　みずほ会 様,Private,FALSE,,
948-0 合同会社　Ｓ．Ｋ．Ｃ． 様,Private,FALSE,,
1201-0 ビューティーハウス　くろだ 様,Private,FALSE,,
25-0 有限会社　成鉄工業 様,Private,FALSE,,
253-0 株式会社　営繕本舗 様,Private,FALSE,,
9295-0 広島やきとり酒場 様,Private,FALSE,,
60-0 有限会社　ファイン 様,Private,FALSE,,
242-0 有限会社　光南園 様,Private,FALSE,,
1400-0 美容室デリカ 様,Private,FALSE,,
326-0 株式会社　Ｈａｐｐｙ　Ｆａｃｔｏｒｙ 様,Private,FALSE,,
949-0 株式会社　リバウス 様,Private,FALSE,,
842-0 公益財団法人　メディックス・ハートサポート 様,Private,FALSE,,
26-0 株式会社　ＶＩＬＬＡ　Ｃｏｒｐｏｒａｔｉｏｎ 様,Private,FALSE,,
265-0 有限会社　カオル交通 様,Private,FALSE,,
440-0 有限会社　オリジナルワーク 様,Private,FALSE,,
286-0 株式会社　環境開発公社 様,Private,FALSE,,
356-0 株式会社　プリオテック 様,Private,FALSE,,
302-0 有限会社　吉田設備 様,Private,FALSE,,
283-0 オーケー産業　有限会社 様,Private,FALSE,,
835-0 有限会社　Ｓ・Ｅ・Ｅ・Ｄ総合技建 様,Private,FALSE,,
696-0 株式会社　エル設計 様,Private,FALSE,,
1631-0 キリン亭 様,Private,FALSE,,
395-0 有限会社　ウッドストック 様,Private,FALSE,,
860-0 株式会社　アール 様,Private,FALSE,,
1079-0 三宅工務店 様,Private,FALSE,,
469-0 社会福祉法人　ひとは福祉会 様,Private,FALSE,,
1422-0 おおはら歯科クリニック 様,Private,FALSE,,
478-0 スリーピース　株式会社 様,Private,FALSE,,
1975-0 ｇｌｉｍｐｓｅ 様,Private,FALSE,,
400-0 広島県建設労働組合　第七地域連合広島 様,Private,FALSE,,
479-0 有限会社　ジィーエム 様,Private,FALSE,,
874-0 合同会社 Joy Support Service 様,Private,FALSE,,
458-0 第一システム　株式会社 様,Private,FALSE,,
883-0 ミールサービス　有限会社 様,Private,FALSE,,
332-0 広島食人　株式会社 様,Private,FALSE,,
837-0 有限会社　ラ・セッテ 様,Private,FALSE,,
1142-0 雅興業 様,Private,FALSE,,
235-0 有限会社　バンカー・サプライ 様,Private,FALSE,,
1080-0 安部電工 様,Private,FALSE,,
1011-0 西村　英亨 様,Private,FALSE,,
483-0 株式会社　中川組 様,Private,FALSE,,
770-0 株式会社　菅野工業 様,Private,FALSE,,
1170-0 たんぽぽ小児歯科 様,Private,FALSE,,
703-0 有限会社　エイトハウジング 様,Private,FALSE,,
715-0 株式会社　康工業 様,Private,FALSE,,
1247-0 遠藤電気設備 様,Private,FALSE,,
1267-0 チャーム 様,Private,FALSE,,
884-0 社会福祉法人　みどりの町 様,Private,FALSE,,
231-0 株式会社　ＡＬＢＵＭ 様,Private,FALSE,,
757-0 株式会社　Ｒ－ｔｙｐｅ 様,Private,FALSE,,
1407-0 橋本園芸場 様,Private,FALSE,,
422-0 有限会社　クレヨン 様,Private,FALSE,,
365-0 有限会社　プラスル 様,Private,FALSE,,
1290-0 ＡＮＣＨＯＲＥＴ 様,Private,FALSE,,
1039-0 Ｂａｃｋｐａｃｋｅｒ‘ｓ　Ｂａｒ　ＣＡＭＥＬ 様,Private,FALSE,,
65-0 有限会社　野武士 様,Private,FALSE,,
493-0 医療法人　山威会 様,Private,FALSE,,
1639-0 小料理　満 様,Private,FALSE,,
79-0 株式会社　昇和興業 様,Private,FALSE,,
215-0 有限会社　ＡＰＣ企画 様,Private,FALSE,,
1435-0 Ｋｕｒｕｒｕ 様,Private,FALSE,,
317-0 Ｊカンパニー　株式会社 様,Private,FALSE,,
907-0 サンセイフーズ企業組合 様,Private,FALSE,,
475-0 株式会社　クレアネット 様,Private,FALSE,,
439-0 有限会社　サイレンス 様,Private,FALSE,,
1440-0 さくらい歯科 様,Private,FALSE,,
1424-0 Ｋスタイル 様,Private,FALSE,,
831-0 株式会社　リチャーズ 様,Private,FALSE,,
1998-0 米山　宜孝 様,Private,FALSE,,
827-0 株式会社ミムラスチール 様,Private,FALSE,,
260-0 医療法人社団　向井眼科 様,Private,FALSE,,
108-0 合同会社　壬辰 様,Private,FALSE,,
1092-0 まさき歯科クリニック　田部　雅樹 様,Private,FALSE,,
1737-0 渡辺建工 様,Private,FALSE,,
1412-0 居酒屋　土筆 様,Private,FALSE,,
771-0 株式会社　Ｙ．Ｋ．Ｆ 様,Private,FALSE,,
919-0 スマートネクスト　株式会社 様,Private,FALSE,,
1873-0 ほっともっと佐伯区役所前店 様,Private,FALSE,,
1989-0 松尾ガレージ 様,Private,FALSE,,
306-0 有限会社　バイカーズ・ベア 様,Private,FALSE,,
9429-0 株式会社　ＳＡＫＯ　ＳＨＯＴＥＮ 様,Private,FALSE,,
31-0 エビス・コーダイシ　株式会社 様,Private,FALSE,,
1509-0 ヘアーサロン　ヤマサキ 様,Private,FALSE,,
325-0 有限会社　佐々木弘工務店 様,Private,FALSE,,
1302-0 中国料理　川菜味 様,Private,FALSE,,
941-0 安佐北モータース　株式会社 様,Private,FALSE,,
777-0 株式会社　フォーエム 様,Private,FALSE,,
91-0 株式会社　ニシムラ 様,Private,FALSE,,
342-0 有限会社　マツシタ 様,Private,FALSE,,
1552-0 ニッソウ 様,Private,FALSE,,
793-0 西部建設株式会社 様,Private,FALSE,,
1051-0 藤川工業 様,Private,FALSE,,
1373-0 ＡＢＬＡＺＥ 様,Private,FALSE,,
239-0 株式会社ヨシカワ 様,Private,FALSE,,
1741-0 くらいし花樹接骨院 様,Private,FALSE,,
1363-0 中華料理　四季 様,Private,FALSE,,
1240-0 渡辺防災 様,Private,FALSE,,
331-0 株式会社　Ｓｏ－ｋｏ 様,Private,FALSE,,
801-0 社会福祉法人　大崎福祉会 様,Private,FALSE,,
1165-0 かしづき歯科クリニック 様,Private,FALSE,,
1327-0 ＩＮ　ＶＩＬＬＡＧＥ　ＨＡＩＲ 様,Private,FALSE,,
269-0 有限会社　森脇工業 様,Private,FALSE,,
705-0 株式会社　ルーチェ 様,Private,FALSE,,
933-0 株式会社　髙木 様,Private,FALSE,,
214-0 株式会社　りんごらんど 様,Private,FALSE,,
972-0 株式会社　アイエスワークス 様,Private,FALSE,,
1840-0 こいくち家 様,Private,FALSE,,
453-0 ハイコンセプト株式会社 様,Private,FALSE,,
9789-0 九重株式会社 様,Private,FALSE,,
94-0 あさみやフーズ株式会社 様,Private,FALSE,,
1909-0 誉組 様,Private,FALSE,,
1767-0 Ｃｈａｒｃｏａｌ　Ｄｉｎｉｎｇ　寛 様,Private,FALSE,,
40-0 株式会社　Ｒｅｇｉｓｔａ 様,Private,FALSE,,
1925-0 師商 様,Private,FALSE,,
1851-0 七五三太長屋本店 様,Private,FALSE,,
9888-0 アイリアル株式会社 様,Private,FALSE,,
117-0 株式会社　エレシステム 様,Private,FALSE,,
679-0 ＴＨＲＥＥ　０　ＭＩＳＳＩＯＮ　合同会社 様,Private,FALSE,,
150-0 有限会社　陽気 様,Private,FALSE,,
415-0 株式会社　スタック 様,Private,FALSE,,
456-0 株式会社　ナイス保険オフィス 様,Private,FALSE,,
442-0 株式会社　ＲＩＳＥ 様,Private,FALSE,,
9981-0 株式会社　ヒロ開発 様,Private,FALSE,,
956-0 株式会社　オアシス 様,Private,FALSE,,
1467-0 だて接骨院 様,Private,FALSE,,
966-0 株式会社　つかもと養蜂場 様,Private,FALSE,,
918-0 株式会社　ゆうき 様,Private,FALSE,,
53-0 有限会社　増木工業 様,Private,FALSE,,
303-0 合同会社　ＰＬＵＳ１ 様,Private,FALSE,,
450-0 西部産業　株式会社 様,Private,FALSE,,
1220-0 魚肴食堂・大山分校 様,Private,FALSE,,
1271-0 門前町デンタルクリニック 様,Private,FALSE,,
37-0 有限会社　リセット 様,Private,FALSE,,
1106-0 西藤工業 様,Private,FALSE,,
345-0 金清産業　有限会社 様,Private,FALSE,,
315-0 有限会社　ディ・ルーム 様,Private,FALSE,,
867-0 株式会社　スマイルフィッシュ 様,Private,FALSE,,
1202-0 久保空調 様,Private,FALSE,,
1832-0 Ｐｌａｉｓｉｒ 様,Private,FALSE,,
459-0 ヒゲロク　株式会社 様,Private,FALSE,,
369-0 パワトランスコム　有限会社 様,Private,FALSE,,
138-0 株式会社　コジマホールディングス 様,Private,FALSE,,
121-0 有限会社　石田鉄工所 様,Private,FALSE,,
754-0 株式会社　タナカホームズ 様,Private,FALSE,,
9692-0 殿林物流サービス　株式会社 様,Private,FALSE,,
1279-0 佐々木接骨院 様,Private,FALSE,,
990-0 医療法人　山紫会 様,Private,FALSE,,
4125-0 長船海産株式会社 様,Private,FALSE,,
72-0 有限会社　トチギ 様,Private,FALSE,,
853-0 アイティープラス　株式会社 様,Private,FALSE,,
1345-0 うね医療事務センター 様,Private,FALSE,,
887-0 株式会社　トレイドマン 様,Private,FALSE,,
830-0 株式会社　警研社 様,Private,FALSE,,
184-0 有限会社　ショウワ 様,Private,FALSE,,
1175-0 もっちゃん 様,Private,FALSE,,
157-0 有限会社　殿林 様,Private,FALSE,,
410-0 合同会社　ＡＵＧＵＳＴ 様,Private,FALSE,,
678-0 株式会社　スラッガー 様,Private,FALSE,,
1444-0 司法書士・行政書士　たか法務事務所 様,Private,FALSE,,
398-0 株式会社　ＩＬ 様,Private,FALSE,,
1487-0 ヘアデザイン　アルヴェロ 様,Private,FALSE,,
83-0 メイト　合同会社 様,Private,FALSE,,
970-0 株式会社　ノーエンジンデン 様,Private,FALSE,,
1428-0 ｂａｒ　Ｓｏｌａｓ 様,Private,FALSE,,
1957-0 イタリア料理　Ｌｉｏｃｏｒｎｏ 様,Private,FALSE,,
206-0 株式会社　マコデン 様,Private,FALSE,,
1301-0 炭火串焼き　純 様,Private,FALSE,,
1388-0 ヘアースタジオ　アドニス 様,Private,FALSE,,
285-0 株式会社　ＹＩＳグループ 様,Private,FALSE,,
1773-0 ＯＬＬＩＥ’Ｓ 様,Private,FALSE,,
160-0 有限会社　タナカ硝子 様,Private,FALSE,,
198-0 分田建設　株式会社 様,Private,FALSE,,
149-0 株式会社　五石電設工業 様,Private,FALSE,,
961-0 株式会社　インテリアエム 様,Private,FALSE,,
1374-0 焼肉　きたじま 様,Private,FALSE,,
701-0 ＤＯ－Ｂｒｏｓ　株式会社 様,Private,FALSE,,
441-0 株式会社　ぺぺカルチャーエンターテイメント 様,Private,FALSE,,
825-0 あさみや珈琲　株式会社 様,Private,FALSE,,
858-0 医療法人社団　鍈紀会 様,Private,FALSE,,
1326-0 マンジャーレ 様,Private,FALSE,,
876-0 有限会社　ＣＡＲＥ 様,Private,FALSE,,
46-0 株式会社　原田屋 様,Private,FALSE,,
486-0 株式会社　フリーラック 様,Private,FALSE,,
1947-0 大衆酒場　やぶき 様,Private,FALSE,,
1140-0 プレーゴ・ヘア・メイク 様,Private,FALSE,,
4110-0 株式会社　福田電信 様,Private,FALSE,,
9189-0 勇気鍼灸整骨院 様,Private,FALSE,,
84-0 有限会社　博多商店 様,Private,FALSE,,
1263-0 ほっともっと宮内店 様,Private,FALSE,,
337-0 株式会社　プログレス 様,Private,FALSE,,
93-0 株式会社　山陽タオル 様,Private,FALSE,,
735-0 合同会社　ＫＳＲ 様,Private,FALSE,,
829-0 有限会社　ジグソー 様,Private,FALSE,,
183-0 ソラノビル 様,Private,FALSE,,
920-0 株式会社　ファストリメイク 様,Private,FALSE,,
77-0 吉加工業　株式会社 様,Private,FALSE,,
1153-0 廣島酒処　じょうや 様,Private,FALSE,,
1410-0 本通り鍼灸接骨院 様,Private,FALSE,,
501-0 有限会社　大翔 様,Private,FALSE,,
229-0 有限会社　山陽テープ 様,Private,FALSE,,
850-0 有限会社　ほてい屋 様,Private,FALSE,,
247-0 株式会社　イーグルエンタープライズ 様,Private,FALSE,,
194-0 株式会社　あきん 様,Private,FALSE,,
1121-0 ＴＰ　ｄｉｎｉｎｇ＆ｃａｆｅ　ＴＩＮＯ 様,Private,FALSE,,
764-0 株式会社　プログレス 様,Private,FALSE,,
749-0 株式会社　コスモケア・エナジー 様,Private,FALSE,,
95-0 株式会社　モダンハウジング 様,Private,FALSE,,
223-0 有限会社　たけだ工業所 様,Private,FALSE,,
1204-0 美容室　ペーパームーン 様,Private,FALSE,,
388-0 株式会社　シーセブンアソシエイツ 様,Private,FALSE,,
1078-0 ファミリア歯科 様,Private,FALSE,,
307-0 株式会社　きやま 様,Private,FALSE,,
1261-0 吉田住設 様,Private,FALSE,,
67-0 有限会社　ファイン 様,Private,FALSE,,
423-0 株式会社　Ｄｏｌｃｉ 様,Private,FALSE,,
164-0 有限会社　共同ネオン電機 様,Private,FALSE,,
821-0 株式会社　こだまどうぶつ病院 様,Private,FALSE,,
846-0 株式会社　Ｃｏｕｌｅｕｒ 様,Private,FALSE,,
1626-0 セブンイレブン広島八木１丁目店 様,Private,FALSE,,
216-0 株式会社　ＦＴ 様,Private,FALSE,,
1954-0 松尾防水 様,Private,FALSE,,
491-0 株式会社　アラムデント 様,Private,FALSE,,
50-0 みどり観光開発　株式会社 様,Private,FALSE,,
1054-0 佐々木メンタルクリニック 様,Private,FALSE,,
1659-0 Ｍｅｎ’ｓ　Ｈａｉｒ　Ｓａｌｏｎ　ＧＲｅＥＮ 様,Private,FALSE,,
982-0 株式会社　大和屋 様,Private,FALSE,,
691-0 株式会社　小松塗装店 様,Private,FALSE,,
161-0 株式会社　森下電設工業 様,Private,FALSE,,
41-0 有限会社　山地内装工芸 様,Private,FALSE,,
377-0 徳広商事　株式会社 様,Private,FALSE,,
4075-0 芸溶興業 様,Private,FALSE,,
859-0 株式会社　セフィロト 様,Private,FALSE,,
927-0 有限会社　中村設計 様,Private,FALSE,,
1114-0 ＡＩＣデンタルクリニック 様,Private,FALSE,,
903-0 Ｍｏｚルームコンサル株式会社 様,Private,FALSE,,
145-0 有限会社　テクノサプライ 様,Private,FALSE,,
135-0 ハウス・クリエイト　有限会社 様,Private,FALSE,,
1878-0 焼肉　充 様,Private,FALSE,,
98-0 株式会社　木ままや 様,Private,FALSE,,
463-0 株式会社　星光 様,Private,FALSE,,
446-0 株式会社　眞電 様,Private,FALSE,,
209-0 弁護士法人　リーガルジャパン 様,Private,FALSE,,
193-0 株式会社　ココスマ 様,Private,FALSE,,
1463-0 えだひろ内科成人病クリニック 様,Private,FALSE,,
1384-0 骨々亭 様,Private,FALSE,,
298-0 有限会社　郷原呉服堂 様,Private,FALSE,,
190-0 ＢＯＰＯ　ｅ　ｊａｐａｎ　株式会社 様,Private,FALSE,,
704-0 有限会社　山尾工務店 様,Private,FALSE,,
270-0 株式会社　グローグッドコーポレーション 様,Private,FALSE,,
406-0 株式会社　信輝 様,Private,FALSE,,
1956-0 岡崎歯科口腔外科 様,Private,FALSE,,
82-0 有限会社　三興 様,Private,FALSE,,
397-0 株式会社　建栄 様,Private,FALSE,,
124-0 株式会社　中村建築 様,Private,FALSE,,
1804-0 吉岡デンタルキュア 様,Private,FALSE,,
738-0 ㈱久保アグリファーム 様,Private,FALSE,,
430-0 令和スイッチ株式会社 様,Private,FALSE,,
905-0 三益物産　協同組合 様,Private,FALSE,,
1406-0 ｔａｖｅｒｎａ　ＴＡＫＥＤＡ 様,Private,FALSE,,
1019-0 にし耳鼻咽喉科クリニック 様,Private,FALSE,,
301-0 小島紙器工業　株式会社 様,Private,FALSE,,
848-0 株式会社　ＦＨ 様,Private,FALSE,,
336-0 株式会社　広島テクニック 様,Private,FALSE,,
9892-0 愛商事　有限会社 様,Private,FALSE,,
320-0 株式会社　杉野自動車 様,Private,FALSE,,
955-0 株式会社　古都葉 様,Private,FALSE,,
4002-0 有限会社　下中鉄工所 様,Private,FALSE,,
4024-0 西原加工水産 様,Private,FALSE,,
750-0 山一建機　株式会社 様,Private,FALSE,,
9291-0 ヘアーモード　スニップ 様,Private,FALSE,https://hasegawakaikeirpa.sharepoint.com/sites/9291-0,1
1845-0 エムエイ 様,Private,FALSE,https://hasegawakaikeirpa.sharepoint.com/sites/1845-0,1
497-0 株式会社　福永建設工業 様,Private,FALSE,https://hasegawakaikeirpa.sharepoint.com/sites/497-0,1
872-0 株式会社　希翼 様,Private,FALSE,https://hasegawakaikeirpa.sharepoint.com/sites/872-0,1
9781-0 有限会社　トランスポートハマコー 様,Private,FALSE,https://hasegawakaikeirpa.sharepoint.com/sites/9781-0,1
371-0 株式会社　アクアメディカル 様,Private,FALSE,https://hasegawakaikeirpa.sharepoint.com/sites/371-0,1
202-0 株式会社　フジ興産 様,Private,FALSE,https://hasegawakaikeirpa.sharepoint.com/sites/202-0,1
355-0 株式会社　プロノテック 様,Private,FALSE,https://hasegawakaikeirpa.sharepoint.com/sites/355-0,1
1127-0 前田　実 様,Private,FALSE,https://hasegawakaikeirpa.sharepoint.com/sites/1127-0,1
418-0 株式会社　ＬＩＬＥ　ＴＨＥ　ＳＴＹＬＥ 様,Private,FALSE,https://hasegawakaikeirpa.sharepoint.com/sites/418-0,1
100-0 株式会社　ヒロプランニング 様,Private,FALSE,https://hasegawakaikeirpa.sharepoint.com/sites/100-0,1
1922-0 ほっかほっか亭　南西原店 様,Private,FALSE,https://hasegawakaikeirpa.sharepoint.com/sites/1922-0,1
917-0 ジャニスクリエイト　株式会社 様,Private,FALSE,https://hasegawakaikeirpa.sharepoint.com/sites/917-0,1
1490-0 しゃもじ蕎麦　三六 様,Private,FALSE,https://hasegawakaikeirpa.sharepoint.com/sites/1490-0,1
268-0 株式会社　広松 様,Private,FALSE,https://hasegawakaikeirpa.sharepoint.com/sites/268-0,1
321-0 有限会社　ウェルストン 様,Private,FALSE,https://hasegawakaikeirpa.sharepoint.com/sites/321-0,1
1578-0 新久　千映 様,Private,FALSE,https://hasegawakaikeirpa.sharepoint.com/sites/1578-0,1
935-0 森川電業　株式会社 様,Private,FALSE,https://hasegawakaikeirpa.sharepoint.com/sites/935-0,1
1763-0 旨い酒と鉄板　卓 様,Private,FALSE,https://hasegawakaikeirpa.sharepoint.com/sites/1763-0,1
861-0 明和工業　有限会社 様,Private,FALSE,https://hasegawakaikeirpa.sharepoint.com/sites/861-0,1
328-0 株式会社　林写真館 様,Private,FALSE,https://hasegawakaikeirpa.sharepoint.com/sites/328-0,1
725-0 株式会社 総合美装 様,Private,FALSE,https://hasegawakaikeirpa.sharepoint.com/sites/725-02,3
682-0 医療法人　若星会 様,Private,FALSE,https://hasegawakaikeirpa.sharepoint.com/sites/682-0,1
9587-0 株式会社　フレックス 様,Private,FALSE,https://hasegawakaikeirpa.sharepoint.com/sites/9587-0,1
448-0 有限会社　オフィス・ウエンブリー 様,Private,FALSE,https://hasegawakaikeirpa.sharepoint.com/sites/448-0,1
994-0 株式会社　オフィス．Ｋ－ＬＩＦＥ 様,Private,FALSE,https://hasegawakaikeirpa.sharepoint.com/sites/994-0,1
129-0 有限会社　モリモト建装 様,Private,FALSE,https://hasegawakaikeirpa.sharepoint.com/sites/129-0,2
291-0 有限会社　森原自動車商会 様,Private,FALSE,https://hasegawakaikeirpa.sharepoint.com/sites/291-0,1
297-0 株式会社　Ｓ＆Ｋプラザ 様,Private,FALSE,https://hasegawakaikeirpa.sharepoint.com/sites/297-0,1
1356-0 どさんこ茶屋 様,Private,FALSE,https://hasegawakaikeirpa.sharepoint.com/sites/1356-0,1
127-0 株式会社　広島ハウジング 様,Private,FALSE,https://hasegawakaikeirpa.sharepoint.com/sites/127-0,1
9599-0 株式会社　ひらた 様,Private,FALSE,https://hasegawakaikeirpa.sharepoint.com/sites/9599-0,1
648-0 株式会社 KSG 様,Public,FALSE,https://hasegawakaikeirpa.sharepoint.com/sites/KSG,0
908-0 福三　株式会社 様,Private,FALSE,https://hasegawakaikeirpa.sharepoint.com/sites/908-0,1
263-0 株式会社　綺萌 様,Private,FALSE,https://hasegawakaikeirpa.sharepoint.com/sites/263-0,1
228-0 株式会社　ヒロコウ 様,Private,FALSE,https://hasegawakaikeirpa.sharepoint.com/sites/228-0,1
1266-0 ＬＥＧＡＴＯ 様,Private,FALSE,https://hasegawakaikeirpa.sharepoint.com/sites/1266-0,1
140-0 有限会社　ダイクス 様,Private,FALSE,https://hasegawakaikeirpa.sharepoint.com/sites/140-0,1
1111-0 安孫子　弓江 様,Private,FALSE,https://hasegawakaikeirpa.sharepoint.com/sites/1111-0,1
346-0 一般社団法人　呉娑々宇スポーツクラブ 様,Private,FALSE,https://hasegawakaikeirpa.sharepoint.com/sites/346-0,1
70-0 有限会社シーピー・ペペ 様,Private,FALSE,https://hasegawakaikeirpa.sharepoint.com/sites/70-0,1
9596-0 株式会社　栄縁 様,Private,FALSE,https://hasegawakaikeirpa.sharepoint.com/sites/9596-0,1
464-0 医療法人社団　松成会 様,Private,FALSE,https://hasegawakaikeirpa.sharepoint.com/sites/464-0,1
1527-0 ＲＩＣ鳴戸屋 様,Private,FALSE,https://hasegawakaikeirpa.sharepoint.com/sites/1527-0,1
277-0 有限会社　連合設備設計 様,Private,FALSE,https://hasegawakaikeirpa.sharepoint.com/sites/277-0,1
295-0 シーエムシー 株式会社 様,Private,FALSE,https://hasegawakaikeirpa.sharepoint.com/sites/295-0,3
308-0 大和ホールディングス株式会社 様,Private,FALSE,https://hasegawakaikeirpa.sharepoint.com/sites/308-0,1
798-0 有限会社　ビューティサロン　チャーム 様,Private,FALSE,https://hasegawakaikeirpa.sharepoint.com/sites/798-0,1
723-0 株式会社　カラーベース 様,Private,FALSE,https://hasegawakaikeirpa.sharepoint.com/sites/723-0,1
756-0 曽里舗装　株式会社 様,Private,FALSE,https://hasegawakaikeirpa.sharepoint.com/sites/756-0,1
880-0 日高運送　有限会社 様,Private,FALSE,https://hasegawakaikeirpa.sharepoint.com/sites/880-0,1
1625-0 Ｓｐａｒｒｏｗ 様,Private,FALSE,https://hasegawakaikeirpa.sharepoint.com/sites/1625-0,1
1243-0 ファム　戸坂店 様,Private,FALSE,https://hasegawakaikeirpa.sharepoint.com/sites/1243-0,1
498-0 株式会社　ＢＯＳＣＨ　ｌｕｆｔ 様,Private,FALSE,https://hasegawakaikeirpa.sharepoint.com/sites/498-0,1
9598-0 株式会社　アスリートプレミア 様,Private,FALSE,https://hasegawakaikeirpa.sharepoint.com/sites/9598-0,1
試算表テスト,Public,FALSE,https://hasegawakaikeirpa.sharepoint.com/sites/msteams_d42518,326
396-0 有限会社　脇本商店 様,Private,FALSE,https://hasegawakaikeirpa.sharepoint.com/sites/396-0,1
22-0 有限会社　ゼスト 様,Private,FALSE,https://hasegawakaikeirpa.sharepoint.com/sites/22-0,1
361-0 日本グローバルサービス　株式会社 様,Private,FALSE,https://hasegawakaikeirpa.sharepoint.com/sites/361-0,1
971-0 株式会社　Ｊ’ＣＲＡＦＴＳ 様,Private,FALSE,https://hasegawakaikeirpa.sharepoint.com/sites/971-0,1
249-0 株式会社　義工業 様,Private,FALSE,https://hasegawakaikeirpa.sharepoint.com/sites/249-0,1
61-0 株式会社　アイアールマーケット 様,Private,FALSE,https://hasegawakaikeirpa.sharepoint.com/sites/61-0,1
85-0 医療法人社団　誠友会 様,Private,FALSE,https://hasegawakaikeirpa.sharepoint.com/sites/85-0,1
28-0 有限会社　坂本システム 様,Private,FALSE,https://hasegawakaikeirpa.sharepoint.com/sites/28-0,1
1581-0 フラワー歯科 様,Private,FALSE,https://hasegawakaikeirpa.sharepoint.com/sites/1581-0,1
496-0 医療法人社団　聴晴会 様,Private,FALSE,https://hasegawakaikeirpa.sharepoint.com/sites/496-0,1
382-0 株式会社　Ｍｙｃｅ 様,Private,FALSE,https://hasegawakaikeirpa.sharepoint.com/sites/382-0,1
1736-0 ポスト 様,Private,FALSE,https://hasegawakaikeirpa.sharepoint.com/sites/1736-0,1
335-0 株式会社　メカトロ総合開発 様,Private,FALSE,https://hasegawakaikeirpa.sharepoint.com/sites/335-0,1
1934-0 大石謙二 様,Private,FALSE,https://hasegawakaikeirpa.sharepoint.com/sites/1934-0,3
104-0 株式会社　フィラメンツ 様,Private,FALSE,https://hasegawakaikeirpa.sharepoint.com/sites/104-0,1
1349-0 フラワーショップ花将 様,Private,FALSE,https://hasegawakaikeirpa.sharepoint.com/sites/1349-0,1
1892-0 リベルター　ヘッド　ショップ 様,Private,FALSE,https://hasegawakaikeirpa.sharepoint.com/sites/1892-0,1
386-0 株式会社　ＹＫＨ 様,Private,FALSE,https://hasegawakaikeirpa.sharepoint.com/sites/386-0,1
137-0 株式会社　Ｆ－ＳＴ 様,Private,FALSE,https://hasegawakaikeirpa.sharepoint.com/sites/137-0,1
1791-0 アリスソー犬舎 様,Private,FALSE,https://hasegawakaikeirpa.sharepoint.com/sites/1791-0,1
9583-0 株式会社　大上商店 様,Private,FALSE,https://hasegawakaikeirpa.sharepoint.com/sites/9583-0,1
1986-0 Ａｋａｒｉ　Ｈａｉｒ－Ｓｔｕｄｉｏ 様,Private,FALSE,https://hasegawakaikeirpa.sharepoint.com/sites/1986-0,1
1827-0 Ｇ－ＣＲＥＳＴ 様,Private,FALSE,https://hasegawakaikeirpa.sharepoint.com/sites/1827-0,1
742-0 株式会社　広島ＴＣＦ’Ｓ 様,Private,FALSE,https://hasegawakaikeirpa.sharepoint.com/sites/742-0,1
1052-0 みたお鍼灸整骨院 様,Private,FALSE,https://hasegawakaikeirpa.sharepoint.com/sites/1052-0,1
482-0 有限会社　マルミツ 様,Private,FALSE,https://hasegawakaikeirpa.sharepoint.com/sites/482-0,1
1548-0 犬のしつけ　Ｓｈａｋｅ　Ｈａｎｄ’ｓ 様,Private,FALSE,https://hasegawakaikeirpa.sharepoint.com/sites/1548-0,1
341-0 有限会社　ライジングテック 様,Private,FALSE,https://hasegawakaikeirpa.sharepoint.com/sites/341-0,1
294-0 有限会社　新井板金 様,Private,FALSE,https://hasegawakaikeirpa.sharepoint.com/sites/294-0,1
273-0 株式会社　ドリームガーデン 様,Private,FALSE,https://hasegawakaikeirpa.sharepoint.com/sites/273-0,1
154-0 株式会社　アール・イー 様,Private,FALSE,https://hasegawakaikeirpa.sharepoint.com/sites/154-0,1
310-0 有限会社　春葵興産 様,Private,FALSE,https://hasegawakaikeirpa.sharepoint.com/sites/310-0,1
1418-0 雲のうえ 様,Private,FALSE,https://hasegawakaikeirpa.sharepoint.com/sites/1418-0,1
1994-0 吟結　はなもり 様,Private,FALSE,https://hasegawakaikeirpa.sharepoint.com/sites/1994-0,1
766-0 日本クリエイト　株式会社 様,Private,FALSE,https://hasegawakaikeirpa.sharepoint.com/sites/766-0,1
967-0 株式会社　コミュニティ・ライフもみじ 様,Private,FALSE,https://hasegawakaikeirpa.sharepoint.com/sites/967-0,1
264-0 株式会社　向井建工 様,Private,FALSE,https://hasegawakaikeirpa.sharepoint.com/sites/264-0,1
1836-0 福寿館 様,Private,FALSE,https://hasegawakaikeirpa.sharepoint.com/sites/1836-0,1
12-0 有限会社　広島シティサービス 様,Private,FALSE,https://hasegawakaikeirpa.sharepoint.com/sites/12-0,1
114-0 住みんぐ不動産株式会社 様,Private,FALSE,https://hasegawakaikeirpa.sharepoint.com/sites/114-0,1
392-0 株式会社　はる整骨院 様,Private,FALSE,https://hasegawakaikeirpa.sharepoint.com/sites/392-0,1
1021-0 チェリー美容室 様,Private,FALSE,https://hasegawakaikeirpa.sharepoint.com/sites/1021-0,1
338-0 バングロード　株式会社 様,Private,FALSE,https://hasegawakaikeirpa.sharepoint.com/sites/338-0,1
433-0 有限会社　レインズ 様,Private,FALSE,https://hasegawakaikeirpa.sharepoint.com/sites/433-0,1
0,Public,FALSE,https://hasegawakaikeirpa.sharepoint.com/sites/000,1
1474-0 あゆ茶屋 様,Private,FALSE,https://hasegawakaikeirpa.sharepoint.com/sites/1474-0,1
1038-0 沖　司法書士事務所 様,Private,FALSE,https://hasegawakaikeirpa.sharepoint.com/sites/1038-0,1
204-0 有限会社　小笠原モータース 様,Private,FALSE,https://hasegawakaikeirpa.sharepoint.com/sites/204-0,1
1045-0 セブンイレブン広島戸坂南店 様,Private,FALSE,https://hasegawakaikeirpa.sharepoint.com/sites/1045-0,1
1798-0 鳴滝設計事務所 様,Private,FALSE,https://hasegawakaikeirpa.sharepoint.com/sites/1798-0,1
1185-0 リアーク整体院 様,Private,FALSE,https://hasegawakaikeirpa.sharepoint.com/sites/1185-0,1
55-0 株式会社　サンセール藤原 様,Private,FALSE,https://hasegawakaikeirpa.sharepoint.com/sites/55-0,1
1887-0 お好み焼　ＢＡＫＵＤＡＩ 様,Private,FALSE,https://hasegawakaikeirpa.sharepoint.com/sites/1887-0,1
290-0 永億林業　株式会社 様,Private,FALSE,https://hasegawakaikeirpa.sharepoint.com/sites/290-0,1
702-0 有限会社　ケアネット広島 様,Private,FALSE,https://hasegawakaikeirpa.sharepoint.com/sites/702-0,1
1081-0 ほっかほっか亭　グランドタワー前店 様,Private,FALSE,https://hasegawakaikeirpa.sharepoint.com/sites/1081-0,1
1899-0 ＺＥＲＯ 様,Private,FALSE,https://hasegawakaikeirpa.sharepoint.com/sites/1899-0,1
217-0 株式会社　ＮＫ興産 様,Private,FALSE,https://hasegawakaikeirpa.sharepoint.com/sites/217-0,1
1100-0 シマ電工 様,Private,FALSE,https://hasegawakaikeirpa.sharepoint.com/sites/1100-0,1
221-0 株式会社　ホーユー 様,Private,FALSE,https://hasegawakaikeirpa.sharepoint.com/sites/221-0,1
352-0 株式会社　ＳＰ折口自動車 様,Private,FALSE,https://hasegawakaikeirpa.sharepoint.com/sites/352-0,1
119-0 株式会社　ＬＩＢＥＬＯ 様,Private,FALSE,https://hasegawakaikeirpa.sharepoint.com/sites/119-0,1
1058-0 もつ壱　本店 様,Private,FALSE,https://hasegawakaikeirpa.sharepoint.com/sites/1058-0,1
726-0 株式会社　チウラ 様,Private,FALSE,https://hasegawakaikeirpa.sharepoint.com/sites/726-0,1
675-0 有限会社　江坂 様,Private,FALSE,https://hasegawakaikeirpa.sharepoint.com/sites/675-0,1
785-0 株式会社　Ｓｏｓｈ　ｉｎｃ． 様,Private,FALSE,https://hasegawakaikeirpa.sharepoint.com/sites/785-0,1
1300-0 ニシムラ電気 様,Private,FALSE,https://hasegawakaikeirpa.sharepoint.com/sites/1300-0,1
814-0 新庄保育園 様,Private,FALSE,https://hasegawakaikeirpa.sharepoint.com/sites/814-0,1
128-0 株式会社　ひなた 様,Private,FALSE,https://hasegawakaikeirpa.sharepoint.com/sites/128-0,1
1985-0 すみれ歯科クリニック 様,Private,FALSE,https://hasegawakaikeirpa.sharepoint.com/sites/1985-0,1
1090-0 上野歯科医院 様,Private,FALSE,https://hasegawakaikeirpa.sharepoint.com/sites/1090-0,1
126-0 有限会社　エスシーサービス 様,Private,FALSE,https://hasegawakaikeirpa.sharepoint.com/sites/126-0,1
1999-0 両儀 様,Private,FALSE,https://hasegawakaikeirpa.sharepoint.com/sites/1999-0,3
1122-0 ＧＯＣＣＥ　ＣＯＦＦＥＥ 様,Private,FALSE,https://hasegawakaikeirpa.sharepoint.com/sites/1122-0,1
925-0 Ｔ’ｓ　Ｔｒａｎｓｐｏｒｔ　Ｎｅｔｗｏｒｋ　株式会社 様,Private,FALSE,https://hasegawakaikeirpa.sharepoint.com/sites/925-0,1
4120-0 ほっともっと東広島市役所前店 様,Private,FALSE,https://hasegawakaikeirpa.sharepoint.com/sites/4120-0,1
288-0 株式会社　ｂｏｈｅｍｉａｎ 様,Private,FALSE,https://hasegawakaikeirpa.sharepoint.com/sites/288-0,1
1362-0 うけがわ 様,Private,FALSE,https://hasegawakaikeirpa.sharepoint.com/sites/1362-0,1
9487-0 Ｓ＆Ｔ 様,Private,FALSE,https://hasegawakaikeirpa.sharepoint.com/sites/9487-0,1
1838-0 ＡＩＣデンタルクリニック・ヴィラ 様,Private,FALSE,https://hasegawakaikeirpa.sharepoint.com/sites/1838-0,1
1995-0 ＳＩＧＮＡＴＵＲＥ 様,Private,FALSE,https://hasegawakaikeirpa.sharepoint.com/sites/1995-0,1
460-0 株式会社　カー・ドクターＴ３ 様,Private,FALSE,https://hasegawakaikeirpa.sharepoint.com/sites/460-0,1
23-0 有限会社　ウタニ 様,Private,FALSE,https://hasegawakaikeirpa.sharepoint.com/sites/23-0,1
158-0 株式会社　縁 様,Private,FALSE,https://hasegawakaikeirpa.sharepoint.com/sites/158-0,1
465-0 株式会社　スズキプラザ北 様,Private,FALSE,https://hasegawakaikeirpa.sharepoint.com/sites/465-0,1
358-0 株式会社　大成測量 様,Private,FALSE,https://hasegawakaikeirpa.sharepoint.com/sites/358-0,1
869-0 株式会社　サニーテック 様,Private,FALSE,https://hasegawakaikeirpa.sharepoint.com/sites/869-0,1
973-0 伊藤工業　株式会社 様,Private,FALSE,https://hasegawakaikeirpa.sharepoint.com/sites/973-0,1
367-0 株式会社　総和工業 様,Private,FALSE,https://hasegawakaikeirpa.sharepoint.com/sites/367-0,1
234-0 株式会社　リペクト 様,Private,FALSE,https://hasegawakaikeirpa.sharepoint.com/sites/234-0,1
120-0 田口石油販売　株式会社 様,Private,FALSE,https://hasegawakaikeirpa.sharepoint.com/sites/120-0,1
1988-0 ワールドコレクション 様,Private,FALSE,https://hasegawakaikeirpa.sharepoint.com/sites/1988-0,1
863-0 株式会社　夢進 様,Private,FALSE,https://hasegawakaikeirpa.sharepoint.com/sites/863-0,1
404-0 株式会社　大畠工作所 様,Private,FALSE,https://hasegawakaikeirpa.sharepoint.com/sites/404-0,1
237-0 株式会社　ファインレック 様,Private,FALSE,https://hasegawakaikeirpa.sharepoint.com/sites/237-0,1
9687-0 一般財団法人　青葉学園 様,Private,FALSE,https://hasegawakaikeirpa.sharepoint.com/sites/9687-0,1
372-0 ラフ株式会社 様,Private,FALSE,https://hasegawakaikeirpa.sharepoint.com/sites/372-0,1
991-0 株式会社　ＩＭＰＲＥＳＳ 様,Private,FALSE,https://hasegawakaikeirpa.sharepoint.com/sites/991-0,1
1466-0 ほっかほっか亭府中浜田店 様,Private,FALSE,https://hasegawakaikeirpa.sharepoint.com/sites/1466-0,1
727-0 株式会社　わちゃめちゃ 様,Private,FALSE,https://hasegawakaikeirpa.sharepoint.com/sites/727-0,1
282-0 株式会社 KIworks 様,Private,FALSE,https://hasegawakaikeirpa.sharepoint.com/sites/282-0KIworks,2
1246-0 小笠原歯科医院 様,Private,FALSE,https://hasegawakaikeirpa.sharepoint.com/sites/1246-0,1
505-0 株式会社　とき 様,Private,FALSE,https://hasegawakaikeirpa.sharepoint.com/sites/505-0,1
904-0 株式会社　エスアイカンパニー 様,Private,FALSE,https://hasegawakaikeirpa.sharepoint.com/sites/904-0,1
309-0 有限会社　エヌ・ケー・オー 様,Private,FALSE,https://hasegawakaikeirpa.sharepoint.com/sites/309-0,1
201-0 Ｎｅｘｔ　株式会社 様,Private,FALSE,https://hasegawakaikeirpa.sharepoint.com/sites/201-0,1
879-0 株式会社　オートズファクトリーミト 様,Private,FALSE,https://hasegawakaikeirpa.sharepoint.com/sites/879-0,1
417-0 合同会社　ｄｅｆｉ 様,Private,FALSE,https://hasegawakaikeirpa.sharepoint.com/sites/417-0,1
52-0 株式会社　ヨコロ 様,Private,FALSE,https://hasegawakaikeirpa.sharepoint.com/sites/52-0,1
44-0 広島ラヂエーター　株式会社 様,Private,FALSE,https://hasegawakaikeirpa.sharepoint.com/sites/44-0,1
839-0 一般財団法人　広島県集団検診協会 様,Private,FALSE,https://hasegawakaikeirpa.sharepoint.com/sites/839-0,1
210-0 株式会社　西川之企業 様,Private,FALSE,https://hasegawakaikeirpa.sharepoint.com/sites/210-0,1
19-0 有限会社　ファミリーライフ広島 様,Private,FALSE,https://hasegawakaikeirpa.sharepoint.com/sites/19-0,1
314-0 アイズ株式会社 様,Private,FALSE,https://hasegawakaikeirpa.sharepoint.com/sites/314-0,1
826-0 有限会社　金子正史建工 様,Private,FALSE,https://hasegawakaikeirpa.sharepoint.com/sites/826-0,1
68-0 株式会社　Ｆａｍｉｌｌｅ 様,Private,FALSE,https://hasegawakaikeirpa.sharepoint.com/sites/68-0,1
732-0 株式会社　フロンティア 様,Private,FALSE,https://hasegawakaikeirpa.sharepoint.com/sites/732-0,1
1768-0 Ｈａｌｆ　Ｌｉｆｅ 様,Private,FALSE,https://hasegawakaikeirpa.sharepoint.com/sites/1768-0,1
112-0 株式会社　ＡＣＥ 様,Private,FALSE,https://hasegawakaikeirpa.sharepoint.com/sites/112-0581,1
254-0 有限会社　中川プロセス印刷 様,Private,FALSE,https://hasegawakaikeirpa.sharepoint.com/sites/254-0,1
1821-0 工藤興業 様,Private,FALSE,https://hasegawakaikeirpa.sharepoint.com/sites/1821-0,1
211-0 有限会社　佐久間運送 様,Private,FALSE,https://hasegawakaikeirpa.sharepoint.com/sites/211-0,1
1875-0 煌工業 様,Private,FALSE,https://hasegawakaikeirpa.sharepoint.com/sites/1875-0,1
1801-0 キタヤマ印房 様,Private,FALSE,https://hasegawakaikeirpa.sharepoint.com/sites/1801-0,1
133-0 株式会社 クローバーキッチン 様,Private,FALSE,https://hasegawakaikeirpa.sharepoint.com/sites/133-0,1
207-0 有限会社　成和工業 様,Private,FALSE,https://hasegawakaikeirpa.sharepoint.com/sites/207-0,1
1475-0 マッシュ　井口店 様,Private,FALSE,https://hasegawakaikeirpa.sharepoint.com/sites/1475-0,1
712-0 中山法面工業　有限会社 様,Private,FALSE,https://hasegawakaikeirpa.sharepoint.com/sites/712-0,1
796-0 株式会社　コーシンパートナーズ 様,Private,FALSE,https://hasegawakaikeirpa.sharepoint.com/sites/796-0,1
1545-0 Ｃａｒ－ｍｏｄｅ 様,Private,FALSE,https://hasegawakaikeirpa.sharepoint.com/sites/1545-0,1
987-0 株式会社　クラフト 様,Private,FALSE,https://hasegawakaikeirpa.sharepoint.com/sites/987-0,1
1655-0 ボーグ 様,Private,FALSE,https://hasegawakaikeirpa.sharepoint.com/sites/1655-0,1
1706-0 ＲＯＳＳＯ 様,Private,FALSE,https://hasegawakaikeirpa.sharepoint.com/sites/1706-0,1
1869-0 てっぱん匠 様,Private,FALSE,https://hasegawakaikeirpa.sharepoint.com/sites/1869-0,1
1214-0 サウンドショップ　キミハラ 様,Private,FALSE,https://hasegawakaikeirpa.sharepoint.com/sites/1214-0,1
1623-0 Ｌｅｉ　ｐｌａｎｎｉｎｇ 様,Private,FALSE,https://hasegawakaikeirpa.sharepoint.com/sites/1623-0,1
税理士法人 長谷川会計,Public,FALSE,https://hasegawakaikeirpa.sharepoint.com/sites/msteams_4e2bee,0
136-0 社会福祉法人　杉の子会 様,Private,FALSE,https://hasegawakaikeirpa.sharepoint.com/sites/136-0,1
1237-0 大塚歯科－あいりす－ 様,Private,FALSE,https://hasegawakaikeirpa.sharepoint.com/sites/1237-0,1
1933-0 森本　貴子 様,Private,FALSE,https://hasegawakaikeirpa.sharepoint.com/sites/1933-0,1
165-0 合同会社ＢＲＡＮ 様,Private,FALSE,https://hasegawakaikeirpa.sharepoint.com/sites/165-0,1
1834-0 啓愛クリニック 様,Private,FALSE,https://hasegawakaikeirpa.sharepoint.com/sites/1834-0,1
683-0 株式会社　アンジュ 様,Private,FALSE,https://hasegawakaikeirpa.sharepoint.com/sites/683-0,1
1387-0 ＺＥＯＮ 様,Private,FALSE,https://hasegawakaikeirpa.sharepoint.com/sites/1387-0,1
974-0 社会福祉法人　和気福祉会 様,Private,FALSE,https://hasegawakaikeirpa.sharepoint.com/sites/974-0,1
9581-0 社会福祉法人　西中国キリスト教社会事業団 様,Private,FALSE,https://hasegawakaikeirpa.sharepoint.com/sites/9581-0,1
451-0 株式会社　繁蔵 様,Private,FALSE,https://hasegawakaikeirpa.sharepoint.com/sites/451-0,1
347-0 株式会社　鍵本工業 様,Private,FALSE,https://hasegawakaikeirpa.sharepoint.com/sites/347-0,1
1901-0 エム・ディー・エス 様,Private,FALSE,https://hasegawakaikeirpa.sharepoint.com/sites/1901-0,1
4118-0 赤ちょうちん　西条店 様,Private,FALSE,https://hasegawakaikeirpa.sharepoint.com/sites/4118-0,1
4081-0 船崎水産　　船崎　利彦 様,Private,FALSE,https://hasegawakaikeirpa.sharepoint.com/sites/4081-0,1
1107-0 ＨＡＩＲ　ＣＲＥＡＴＥ　ＧＥＮＴＳ 様,Private,FALSE,https://hasegawakaikeirpa.sharepoint.com/sites/1107-0,1
1820-0 きくま 様,Private,FALSE,https://hasegawakaikeirpa.sharepoint.com/sites/1820-0,1
323-0 有限会社　Ｃａｓｔ－Ｄｅｖｅｌｏｐｍｅｎｔ 様,Private,FALSE,https://hasegawakaikeirpa.sharepoint.com/sites/323-0,1
319-0 櫻井ビル　株式会社 様,Private,FALSE,https://hasegawakaikeirpa.sharepoint.com/sites/319-0,1
1178-0 網本内科消化器科医院 様,Private,FALSE,https://hasegawakaikeirpa.sharepoint.com/sites/1178-0,1
824-0 株式会社３Ｒ 様,Private,FALSE,https://hasegawakaikeirpa.sharepoint.com/sites/824-0,1
852-0 株式会社　真尚興業 様,Private,FALSE,https://hasegawakaikeirpa.sharepoint.com/sites/852-0,1
71-0 株式会社　インクルース 様,Private,FALSE,https://hasegawakaikeirpa.sharepoint.com/sites/71-0,1
9783-0 公益財団法人　廿日市市芸術文化振興事業団 様,Private,FALSE,https://hasegawakaikeirpa.sharepoint.com/sites/9783-0,1
1785-0 ソニー生命保険株式会社 様,Private,FALSE,https://hasegawakaikeirpa.sharepoint.com/sites/1785-0,1
421-0 株式会社　ＴＡＫＵＳＥＩ 様,Private,FALSE,https://hasegawakaikeirpa.sharepoint.com/sites/421-0,1
1026-0 和炎 様,Private,FALSE,https://hasegawakaikeirpa.sharepoint.com/sites/1026-0,1
329-0 矢神興産　株式会社 様,Private,FALSE,https://hasegawakaikeirpa.sharepoint.com/sites/329-0,1
995-0 有限会社　丸多賀不動産 様,Private,FALSE,https://hasegawakaikeirpa.sharepoint.com/sites/995-0,1
4134-0 ウムヴェルト株式会社 様,Private,FALSE,https://hasegawakaikeirpa.sharepoint.com/sites/4134-0,1
394-0 株式会社　塚本鉄工所 様,Private,FALSE,https://hasegawakaikeirpa.sharepoint.com/sites/394-0,1
1393-0 とよた歯科 様,Private,FALSE,https://hasegawakaikeirpa.sharepoint.com/sites/1393-0,1
906-0 三益物産　株式会社 様,Private,FALSE,https://hasegawakaikeirpa.sharepoint.com/sites/906-0,1
284-0 株式会社　Ｂｅ　ＳＴＹＬＥ 様,Private,FALSE,https://hasegawakaikeirpa.sharepoint.com/sites/284-0,1
1694-0 スナックうるぐす 様,Private,FALSE,https://hasegawakaikeirpa.sharepoint.com/sites/1694-0,1
186-0 株式会社　木船総業 様,Private,FALSE,https://hasegawakaikeirpa.sharepoint.com/sites/186-0,1
960-0 株式会社　ミウラ 様,Private,FALSE,https://hasegawakaikeirpa.sharepoint.com/sites/960-0,1
881-0 合同会社　ひなた商店 様,Private,FALSE,https://hasegawakaikeirpa.sharepoint.com/sites/881-0,1
1378-0 Ｂａｋｅｒｙ　Ｔｏｎｎｏｎ 様,Private,FALSE,https://hasegawakaikeirpa.sharepoint.com/sites/1378-0,1
716-0 株式会社　エス興業 様,Private,FALSE,https://hasegawakaikeirpa.sharepoint.com/sites/716-0,1
35-0 ＹＭＦ株式会社 様,Private,FALSE,https://hasegawakaikeirpa.sharepoint.com/sites/35-0,1
333-0 有限会社　ティアンドエス 様,Private,FALSE,https://hasegawakaikeirpa.sharepoint.com/sites/333-0,1
1436-0 Ｂａｒ　ｄｅ　Ｅｓｐａｎａ　スペイン居酒屋　ＡＮＩＭＯ 様,Private,FALSE,https://hasegawakaikeirpa.sharepoint.com/sites/1436-0,1
1399-0 ダイニング　ジン 様,Private,FALSE,https://hasegawakaikeirpa.sharepoint.com/sites/1399-0,1
882-0 株式会社　オカモト 様,Private,FALSE,https://hasegawakaikeirpa.sharepoint.com/sites/882-0,1
226-0 有限会社　広島四恩社 様,Private,FALSE,https://hasegawakaikeirpa.sharepoint.com/sites/226-0,1
9688-0 有限会社　テレサバージュ 様,Private,FALSE,https://hasegawakaikeirpa.sharepoint.com/sites/9688-0,1
425-0 株式会社　サンキョウ 様,Private,FALSE,https://hasegawakaikeirpa.sharepoint.com/sites/425-0,1
1309-0 寿し処　やましろ 様,Private,FALSE,https://hasegawakaikeirpa.sharepoint.com/sites/1309-0,1
1095-0 ｃｏ－ｋｙｕ 様,Private,FALSE,https://hasegawakaikeirpa.sharepoint.com/sites/1095-0,1
1948-0 ほっともっと春日町店 様,Private,FALSE,https://hasegawakaikeirpa.sharepoint.com/sites/1948-0,1
490-0 有限会社　ムカイハタタイヤ 様,Private,FALSE,https://hasegawakaikeirpa.sharepoint.com/sites/490-0,1
1032-0 光山内科クリニック 様,Private,FALSE,https://hasegawakaikeirpa.sharepoint.com/sites/1032-0,1
681-0 株式会社　出道 様,Private,FALSE,https://hasegawakaikeirpa.sharepoint.com/sites/681-0,1
311-0 有限会社　イッシービッシー 様,Private,FALSE,https://hasegawakaikeirpa.sharepoint.com/sites/311-0,1
788-0 株式会社　大幸 様,Private,FALSE,https://hasegawakaikeirpa.sharepoint.com/sites/788-0,1
698-0 株式会社　ネクストアースコーポレーション 様,Private,FALSE,https://hasegawakaikeirpa.sharepoint.com/sites/698-0,1
697-0 有限会社　コスモケア・サポート 様,Private,FALSE,https://hasegawakaikeirpa.sharepoint.com/sites/697-0,1
1311-0 リペアー 様,Private,FALSE,https://hasegawakaikeirpa.sharepoint.com/sites/1311-0,1
502-0 株式会社　コニリア 様,Private,FALSE,https://hasegawakaikeirpa.sharepoint.com/sites/502-0,1
506-0 有限会社　大上家具工業 様,Private,FALSE,https://hasegawakaikeirpa.sharepoint.com/sites/506-0,1
1130-0 ゆたか歯科クリニック 様,Private,FALSE,https://hasegawakaikeirpa.sharepoint.com/sites/1130-0,1
938-0 株式会社　青葉 様,Private,FALSE,https://hasegawakaikeirpa.sharepoint.com/sites/938-0,1
1526-0 近藤　正彦 様,Private,FALSE,https://hasegawakaikeirpa.sharepoint.com/sites/1526-0,1
212-0 株式会社　サンエスシステム 様,Private,FALSE,https://hasegawakaikeirpa.sharepoint.com/sites/212-0,0
461-0 有限会社　　タッケン 様,Private,FALSE,https://hasegawakaikeirpa.sharepoint.com/sites/461-0,1
131-0 株式会社　エム・アイ・シー 様,Private,FALSE,https://hasegawakaikeirpa.sharepoint.com/sites/131-0,6
1182-0 ソウル 様,Private,FALSE,https://hasegawakaikeirpa.sharepoint.com/sites/1182-0,1
1789-0 Ｇｒａｄｏ　ｈａｉｒ 様,Private,FALSE,https://hasegawakaikeirpa.sharepoint.com/sites/1789-0,1
139-0 典工　株式会社 様,Private,FALSE,https://hasegawakaikeirpa.sharepoint.com/sites/139-0,2
472-0 有限会社　アイネス 様,Private,FALSE,https://hasegawakaikeirpa.sharepoint.com/sites/472-0,1
30-0 株式会社　平安堂 様,Private,FALSE,https://hasegawakaikeirpa.sharepoint.com/sites/30-0,1
1772-0 炭火焼鳥　鶏咲 様,Private,FALSE,https://hasegawakaikeirpa.sharepoint.com/sites/1772-0,1
452-0 有限会社　エフコピー 様,Private,FALSE,https://hasegawakaikeirpa.sharepoint.com/sites/452-0,1
1811-0 Ｃｈｉｐｉｅ 様,Private,FALSE,https://hasegawakaikeirpa.sharepoint.com/sites/1811-0,1
9699-0 株式会社　しろがねや 様,Private,FALSE,https://hasegawakaikeirpa.sharepoint.com/sites/9699-0,1
1294-0 美容室　コットン 様,Private,FALSE,https://hasegawakaikeirpa.sharepoint.com/sites/1294-0,1
224-0 純薬　株式会社 様,Private,FALSE,https://hasegawakaikeirpa.sharepoint.com/sites/224-0,1
189-0 合同会社　オレンジ 様,Private,FALSE,https://hasegawakaikeirpa.sharepoint.com/sites/189-0,1
1705-0 ホリウチガラス 様,Private,FALSE,https://hasegawakaikeirpa.sharepoint.com/sites/1705-0,1
815-0 ぷれいすくーる　ちゅーりっぷ 様,Private,FALSE,https://hasegawakaikeirpa.sharepoint.com/sites/815-0,1
1745-0 ＳＷＩＮＧＩＮＧ　ＢＩＲＤ　ＫＩＴＣＨＥＮ 様,Private,FALSE,https://hasegawakaikeirpa.sharepoint.com/sites/1745-0,1
1404-0 ボディリセット　直。 様,Private,FALSE,https://hasegawakaikeirpa.sharepoint.com/sites/1404-0,1
1559-0 ｍｅｌｌｏｗ　ｈａｉｒ 様,Private,FALSE,https://hasegawakaikeirpa.sharepoint.com/sites/1559-0,1
1928-0 健星工業 様,Private,FALSE,https://hasegawakaikeirpa.sharepoint.com/sites/1928-0,1
1249-0 Ｂａｋｅｒｙ　Ｒｉｓｅ 様,Private,FALSE,https://hasegawakaikeirpa.sharepoint.com/sites/1249-0,1
875-0 株式会社　Ｃａｓｔ　ｈａｉｒ　ｄｏｌｌ 様,Private,FALSE,https://hasegawakaikeirpa.sharepoint.com/sites/875-0,1
1329-0 整体屋さん　げんき 様,Private,FALSE,https://hasegawakaikeirpa.sharepoint.com/sites/1329-0,1
1044-0 アサヒ 様,Private,FALSE,https://hasegawakaikeirpa.sharepoint.com/sites/1044-0,1
1895-0 おがわ屋 様,Private,FALSE,https://hasegawakaikeirpa.sharepoint.com/sites/1895-0,1
981-0 有限会社　巴組 様,Private,FALSE,https://hasegawakaikeirpa.sharepoint.com/sites/981-0,1
414-0 株式会社　九頭龍 様,Private,FALSE,https://hasegawakaikeirpa.sharepoint.com/sites/414-0,1
246-0 有限会社　バンセイ 様,Private,FALSE,https://hasegawakaikeirpa.sharepoint.com/sites/246-0,1
57-0 有限会社　モトショップ　イモト 様,Private,FALSE,https://hasegawakaikeirpa.sharepoint.com/sites/57-0,1
47-0 キュートク　株式会社 様,Private,FALSE,https://hasegawakaikeirpa.sharepoint.com/sites/47-0,1
473-0 株式会社　オーエフエー 様,Private,FALSE,https://hasegawakaikeirpa.sharepoint.com/sites/473-0,1
763-0 株式会社　マグネット 様,Private,FALSE,https://hasegawakaikeirpa.sharepoint.com/sites/763-0,1
1099-0 セブンイレブン広島緑井５丁目店 様,Private,FALSE,https://hasegawakaikeirpa.sharepoint.com/sites/1099-0,1
947-0 合同会社　Ｔａｋｅ 様,Private,FALSE,https://hasegawakaikeirpa.sharepoint.com/sites/947-0,1
1572-0 ａｒｔ・ｃｅｎｔｔｉｅｒ 様,Private,FALSE,https://hasegawakaikeirpa.sharepoint.com/sites/1572-0,1
257-0 株式会社　三洋石材 様,Private,FALSE,https://hasegawakaikeirpa.sharepoint.com/sites/257-0,1
405-0 医療法人社団　滋泉会 様,Private,FALSE,https://hasegawakaikeirpa.sharepoint.com/sites/405-0,1
401-0 株式会社　燁 様,Private,FALSE,https://hasegawakaikeirpa.sharepoint.com/sites/401-0,1
289-0 株式会社　城明設計 様,Private,FALSE,https://hasegawakaikeirpa.sharepoint.com/sites/289-0,1
946-0 株式会社　ポップジャパン 様,Private,FALSE,https://hasegawakaikeirpa.sharepoint.com/sites/946-0,1
152-0 株式会社　エフ・エーシステム 様,Private,FALSE,https://hasegawakaikeirpa.sharepoint.com/sites/152-0,1
849-0 株式会社　アクティス 様,Private,FALSE,https://hasegawakaikeirpa.sharepoint.com/sites/849-0,1
1814-0 ｐｉｅｒｒｏｔ 様,Private,FALSE,https://hasegawakaikeirpa.sharepoint.com/sites/1814-0,1
1305-0 こころ司法書士事務所 様,Private,FALSE,https://hasegawakaikeirpa.sharepoint.com/sites/1305-0,1
258-0 グローバルワンエイティ　株式会社 様,Private,FALSE,https://hasegawakaikeirpa.sharepoint.com/sites/258-0,1
1367-0 ＢＡＲＢＥＲ　ＳＨＯＰ　Ａ－ＳＴＹＬＥ 様,Private,FALSE,https://hasegawakaikeirpa.sharepoint.com/sites/1367-0,1
989-0 サンライズホームズ　株式会社 様,Private,FALSE,https://hasegawakaikeirpa.sharepoint.com/sites/989-0,1
1317-0 ｓｃｅｌｔ 様,Private,FALSE,https://hasegawakaikeirpa.sharepoint.com/sites/1317-0,1
1538-0 ＣＵＣＩＮＡ　ＭＯＮＯ 様,Private,FALSE,https://hasegawakaikeirpa.sharepoint.com/sites/1538-0,1
32-0 学校法人　岩本学園 様,Private,FALSE,https://hasegawakaikeirpa.sharepoint.com/sites/32-0,1
794-0 皆得建工　株式会社 様,Private,FALSE,https://hasegawakaikeirpa.sharepoint.com/sites/794-0,1
9885-0 貞右衛門　合同会社 様,Private,FALSE,https://hasegawakaikeirpa.sharepoint.com/sites/9885-0,1
1335-0 葵光房スタジオ 様,Private,FALSE,https://hasegawakaikeirpa.sharepoint.com/sites/1335-0,1
774-0 株式会社　いでしたケアサービス 様,Private,FALSE,https://hasegawakaikeirpa.sharepoint.com/sites/774-0,1
1333-0 はんず　広島西店 様,Private,FALSE,https://hasegawakaikeirpa.sharepoint.com/sites/1333-0,1
1425-0 釣か飯 様,Private,FALSE,https://hasegawakaikeirpa.sharepoint.com/sites/1425-0,1
1842-0 昴建 様,Private,FALSE,https://hasegawakaikeirpa.sharepoint.com/sites/1842-0,1
1392-0 Ｐｌａｓｔｅｒｄ　Ｓａｌｏｏｎ 様,Private,FALSE,https://hasegawakaikeirpa.sharepoint.com/sites/1392-0,1
1746-0 ＡＴＥＮＡ　ＡＶＥＤＡ 様,Private,FALSE,https://hasegawakaikeirpa.sharepoint.com/sites/1746-0,1
381-0 株式会社　型美工務 様,Private,FALSE,https://hasegawakaikeirpa.sharepoint.com/sites/381-0,1
222-0 有限会社　富重工業 様,Private,FALSE,https://hasegawakaikeirpa.sharepoint.com/sites/222-0,1
1144-0 颯爽 様,Private,FALSE,https://hasegawakaikeirpa.sharepoint.com/sites/1144-0,1
1565-0 Ｋ’ｓファーム 様,Private,FALSE,https://hasegawakaikeirpa.sharepoint.com/sites/1565-0,1
1970-0 Ｊｅｗｅｌｒｙ・ＨＯＮＤＡ 様,Private,FALSE,https://hasegawakaikeirpa.sharepoint.com/sites/1970-0,1
1721-0 お好み焼　ゴリ鉄 様,Private,FALSE,https://hasegawakaikeirpa.sharepoint.com/sites/1721-0,1
408-0 カレッジカレッジ　合同会社 様,Private,FALSE,https://hasegawakaikeirpa.sharepoint.com/sites/408-0,1
1734-0 お好み焼　安佐火 様,Private,FALSE,https://hasegawakaikeirpa.sharepoint.com/sites/1734-0,1
1974-0 ｍｕｓａｓｈｉｍａｒｕ　ｃａｆｅ 様,Private,FALSE,https://hasegawakaikeirpa.sharepoint.com/sites/1974-0,1
457-0 有限会社　はなまる観光 様,Private,FALSE,https://hasegawakaikeirpa.sharepoint.com/sites/457-0,1
1606-0 サカイ工業 様,Private,FALSE,https://hasegawakaikeirpa.sharepoint.com/sites/1606-0,1
9787-0 株式会社　みずの 様,Private,FALSE,https://hasegawakaikeirpa.sharepoint.com/sites/9787-0,1
272-0 有限会社　黒木工務店 様,Private,FALSE,https://hasegawakaikeirpa.sharepoint.com/sites/272-0,1
789-0 特定非営利活動法人　広島自立支援センターともに 様,Private,FALSE,https://hasegawakaikeirpa.sharepoint.com/sites/789-0,1
1323-0 銀のさら　広島南店 様,Private,FALSE,https://hasegawakaikeirpa.sharepoint.com/sites/1323-0,1
758-0 株式会社　エムリス 様,Private,FALSE,https://hasegawakaikeirpa.sharepoint.com/sites/758-0,1
500-0 びほく　株式会社 様,Private,FALSE,https://hasegawakaikeirpa.sharepoint.com/sites/500-0,1
4052-0 株式会社　織田建設 様,Private,FALSE,https://hasegawakaikeirpa.sharepoint.com/sites/4052-0,1
495-0 有限会社　クリーンサービスオクダ 様,Private,FALSE,https://hasegawakaikeirpa.sharepoint.com/sites/495-0,1
255-0 有限会社　アフコメンテナンス 様,Private,FALSE,https://hasegawakaikeirpa.sharepoint.com/sites/255-0,1
503-0 株式会社　たはら 様,Private,FALSE,https://hasegawakaikeirpa.sharepoint.com/sites/503-0,1
1819-0 創作割烹　桂 様,Private,FALSE,https://hasegawakaikeirpa.sharepoint.com/sites/1819-0,1
1033-0 松本防水 様,Private,FALSE,https://hasegawakaikeirpa.sharepoint.com/sites/1033-0,1
1638-0 ＫＡＺ住宅設備 様,Private,FALSE,https://hasegawakaikeirpa.sharepoint.com/sites/1638-0,1
409-0 有限会社　プルミエール 様,Private,FALSE,https://hasegawakaikeirpa.sharepoint.com/sites/409-0,1
116-0 有限会社　ナカイ 様,Private,FALSE,https://hasegawakaikeirpa.sharepoint.com/sites/116-0,1
699-0 株式会社　日本オートモーティブマーケティングサービス 様,Private,FALSE,https://hasegawakaikeirpa.sharepoint.com/sites/699-0,1
782-0 医療法人社団　女性クリニックラポール 様,Private,FALSE,https://hasegawakaikeirpa.sharepoint.com/sites/782-0,1
1262-0 ヘアーモ－ド　ケン 様,Private,FALSE,https://hasegawakaikeirpa.sharepoint.com/sites/1262-0,1
1828-0 ａｆｆｅｔｔｏ 様,Private,FALSE,https://hasegawakaikeirpa.sharepoint.com/sites/1828-0,1
1524-0 安佐ルーフ 様,Private,FALSE,https://hasegawakaikeirpa.sharepoint.com/sites/1524-0,1
1308-0 広島ホーム設計 様,Private,FALSE,https://hasegawakaikeirpa.sharepoint.com/sites/1308-0,1
276-0 株式会社　サンシーモールド 様,Private,FALSE,https://hasegawakaikeirpa.sharepoint.com/sites/276-0,1
1341-0 キーストーン 様,Private,FALSE,https://hasegawakaikeirpa.sharepoint.com/sites/1341-0,1
438-0 メイク・アップリフォーム株式会社 様,Private,FALSE,https://hasegawakaikeirpa.sharepoint.com/sites/438-0,1
1376-0 お好み焼き　鉄板串焼き　やまだ 様,Private,FALSE,https://hasegawakaikeirpa.sharepoint.com/sites/1376-0,1
856-0 エル・キュービック　株式会社 様,Private,FALSE,https://hasegawakaikeirpa.sharepoint.com/sites/856-0,1
1618-0 魚のイズオカ 様,Private,FALSE,https://hasegawakaikeirpa.sharepoint.com/sites/1618-0,1
965-0 株式会社　藤井企画 様,Private,FALSE,https://hasegawakaikeirpa.sharepoint.com/sites/965-0,1
105-0 株式会社　エス・ケイハウジング 様,Private,FALSE,https://hasegawakaikeirpa.sharepoint.com/sites/105-0,1
1454-0 山本内科医院 様,Private,FALSE,https://hasegawakaikeirpa.sharepoint.com/sites/1454-0,1
1849-0 松尾整形外科リハビリクリニック 様,Private,FALSE,https://hasegawakaikeirpa.sharepoint.com/sites/1849-0,1
1196-0 Ｈｉｒｏｓｈｉｍａ　Ｔａｍａｇｏ　Ｃｌｕｂ　ＦＵＷＡＴＴＲＯ 様,Private,FALSE,https://hasegawakaikeirpa.sharepoint.com/sites/1196-0,1
364-0 株式会社　アライド 様,Private,FALSE,https://hasegawakaikeirpa.sharepoint.com/sites/364-0,1
1960-0 ラウンジ　櫂 様,Private,FALSE,https://hasegawakaikeirpa.sharepoint.com/sites/1960-0,1
939-0 株式会社　ＳＨＯＥＩ 様,Private,FALSE,https://hasegawakaikeirpa.sharepoint.com/sites/939-0,1
9395-0 安森　聡太朗 様,Private,FALSE,https://hasegawakaikeirpa.sharepoint.com/sites/9395-0,1
343-0 株式会社　クローバー 様,Private,FALSE,https://hasegawakaikeirpa.sharepoint.com/sites/343-0,1
1282-0 肉じるしるし 様,Private,FALSE,https://hasegawakaikeirpa.sharepoint.com/sites/1282-0,1
4010-0 有限会社　サクラウェルド 様,Private,FALSE,https://hasegawakaikeirpa.sharepoint.com/sites/4010-0,1
1498-0 ａｕｂｅ　ｐａｔｉｓｓｉｅｒ　ｓｈｉｎｊｉｍｏｒｉ 様,Private,FALSE,https://hasegawakaikeirpa.sharepoint.com/sites/1498-0,1
1056-0 ＨＡＩＲ　ＡーＵＮ 様,Private,FALSE,https://hasegawakaikeirpa.sharepoint.com/sites/1056-0,1
1190-0 天ぷら食堂　田丸 様,Private,FALSE,https://hasegawakaikeirpa.sharepoint.com/sites/1190-0,1
963-0 株式会社　サンビレッジ 様,Private,FALSE,https://hasegawakaikeirpa.sharepoint.com/sites/963-0,1
4056-0 株式会社　ハラケン工舎 様,Private,FALSE,https://hasegawakaikeirpa.sharepoint.com/sites/4056-0,1
312-0 有限会社　パル動物病院 様,Private,FALSE,https://hasegawakaikeirpa.sharepoint.com/sites/312-0,1
4034-0 有限会社　能美工作所 様,Private,FALSE,https://hasegawakaikeirpa.sharepoint.com/sites/4034-0,1
378-0 株式会社　匠 様,Private,FALSE,https://hasegawakaikeirpa.sharepoint.com/sites/378-0,1
230-0 株式会社　ＦＩＯＲＥ 様,Private,FALSE,https://hasegawakaikeirpa.sharepoint.com/sites/230-0,1
58-0 ＨＲＴ　株式会社 様,Private,FALSE,https://hasegawakaikeirpa.sharepoint.com/sites/58-0,1
685-0 有限会社　サニーコーポレーション 様,Private,FALSE,https://hasegawakaikeirpa.sharepoint.com/sites/685-0,1
724-0 株式会社　ＮＳコンサルタンツ 様,Private,FALSE,https://hasegawakaikeirpa.sharepoint.com/sites/724-0,1
1155-0 和食居酒屋　お花 様,Private,FALSE,https://hasegawakaikeirpa.sharepoint.com/sites/1155-0,1
349-0 武田建工 様,Private,FALSE,https://hasegawakaikeirpa.sharepoint.com/sites/349-0,3
1012-0 光栄リース 様,Private,FALSE,https://hasegawakaikeirpa.sharepoint.com/sites/1012-0,1
962-0 社会福祉法人　みずほ会 様,Private,FALSE,https://hasegawakaikeirpa.sharepoint.com/sites/962-0,1
363-0 株式会社　ＮＫ 様,Private,FALSE,https://hasegawakaikeirpa.sharepoint.com/sites/363-0,1
1201-0 ビューティーハウス　くろだ 様,Private,FALSE,https://hasegawakaikeirpa.sharepoint.com/sites/1201-0,1
1346-0 タカキホームサービス 様,Private,FALSE,https://hasegawakaikeirpa.sharepoint.com/sites/1346-0,1
9293-0 Ｇａｒａｇｅ９６ 様,Private,FALSE,https://hasegawakaikeirpa.sharepoint.com/sites/9293-0,1
431-0 有限会社　立石建築設計 様,Private,FALSE,https://hasegawakaikeirpa.sharepoint.com/sites/431-0,1
236-0 ＡＫＩＲＡ　株式会社 様,Private,FALSE,https://hasegawakaikeirpa.sharepoint.com/sites/236-0,1
786-0 エヌ・エス・コーポレーション　株式会社 様,Private,FALSE,https://hasegawakaikeirpa.sharepoint.com/sites/786-0,1
25-0 有限会社　成鉄工業 様,Private,FALSE,https://hasegawakaikeirpa.sharepoint.com/sites/25-0,1
1068-0 拓鉄工業 様,Private,FALSE,https://hasegawakaikeirpa.sharepoint.com/sites/1068-0,1
948-0 合同会社　Ｓ．Ｋ．Ｃ． 様,Private,FALSE,https://hasegawakaikeirpa.sharepoint.com/sites/948-0,1
968-0 橋本　有限会社 様,Private,FALSE,https://hasegawakaikeirpa.sharepoint.com/sites/968-0,1
195-0 株式会社　サン・テック 様,Private,FALSE,https://hasegawakaikeirpa.sharepoint.com/sites/195-0,1
775-0 株式会社　いでした 様,Private,FALSE,https://hasegawakaikeirpa.sharepoint.com/sites/775-0,1
18-0 株式会社　岡崎プロダクション 様,Private,FALSE,https://hasegawakaikeirpa.sharepoint.com/sites/18-0,1
1488-0 フィールド 様,Private,FALSE,https://hasegawakaikeirpa.sharepoint.com/sites/1488-0,1
1160-0 ほっかほっか亭西条下見店 様,Private,FALSE,https://hasegawakaikeirpa.sharepoint.com/sites/1160-0,1
474-0 株式会社　ワンダーウォール 様,Private,FALSE,https://hasegawakaikeirpa.sharepoint.com/sites/474-0,1
385-0 株式会社　ベイワン 様,Private,FALSE,https://hasegawakaikeirpa.sharepoint.com/sites/385-0,1
60-0 有限会社　ファイン 様,Private,FALSE,https://hasegawakaikeirpa.sharepoint.com/sites/60-0,1
253-0 株式会社　営繕本舗 様,Private,FALSE,https://hasegawakaikeirpa.sharepoint.com/sites/253-0,1
242-0 有限会社　光南園 様,Private,FALSE,https://hasegawakaikeirpa.sharepoint.com/sites/242-0,1
26-0 株式会社　ＶＩＬＬＡ　Ｃｏｒｐｏｒａｔｉｏｎ 様,Private,FALSE,https://hasegawakaikeirpa.sharepoint.com/sites/26-0,1
860-0 株式会社　アール 様,Private,FALSE,https://hasegawakaikeirpa.sharepoint.com/sites/860-0,1
395-0 有限会社　ウッドストック 様,Private,FALSE,https://hasegawakaikeirpa.sharepoint.com/sites/395-0,1
302-0 有限会社　吉田設備 様,Private,FALSE,https://hasegawakaikeirpa.sharepoint.com/sites/302-0,1
283-0 オーケー産業　有限会社 様,Private,FALSE,https://hasegawakaikeirpa.sharepoint.com/sites/283-0,1
326-0 株式会社　Ｈａｐｐｙ　Ｆａｃｔｏｒｙ 様,Private,FALSE,https://hasegawakaikeirpa.sharepoint.com/sites/326-0,1
842-0 公益財団法人　メディックス・ハートサポート 様,Private,FALSE,https://hasegawakaikeirpa.sharepoint.com/sites/842-0,1
265-0 有限会社　カオル交通 様,Private,FALSE,https://hasegawakaikeirpa.sharepoint.com/sites/265-0,1
286-0 株式会社　環境開発公社 様,Private,FALSE,https://hasegawakaikeirpa.sharepoint.com/sites/286-0,7
356-0 株式会社　プリオテック 様,Private,FALSE,https://hasegawakaikeirpa.sharepoint.com/sites/356-0,1
440-0 有限会社　オリジナルワーク 様,Private,FALSE,https://hasegawakaikeirpa.sharepoint.com/sites/440-0,1
696-0 株式会社　エル設計 様,Private,FALSE,https://hasegawakaikeirpa.sharepoint.com/sites/696-0,1
1631-0 キリン亭 様,Private,FALSE,https://hasegawakaikeirpa.sharepoint.com/sites/1631-0,1
9295-0 広島やきとり酒場 様,Private,FALSE,https://hasegawakaikeirpa.sharepoint.com/sites/9295-0,1
835-0 有限会社　Ｓ・Ｅ・Ｅ・Ｄ総合技建 様,Private,FALSE,https://hasegawakaikeirpa.sharepoint.com/sites/835-0,1
949-0 株式会社　リバウス 様,Private,FALSE,https://hasegawakaikeirpa.sharepoint.com/sites/949-0,1
1400-0 美容室デリカ 様,Private,FALSE,https://hasegawakaikeirpa.sharepoint.com/sites/1400-0,1
883-0 ミールサービス　有限会社 様,Private,FALSE,https://hasegawakaikeirpa.sharepoint.com/sites/883-0,1
837-0 有限会社　ラ・セッテ 様,Private,FALSE,https://hasegawakaikeirpa.sharepoint.com/sites/837-0,1
703-0 有限会社　エイトハウジング 様,Private,FALSE,https://hasegawakaikeirpa.sharepoint.com/sites/703-0,1
478-0 スリーピース　株式会社 様,Private,FALSE,https://hasegawakaikeirpa.sharepoint.com/sites/478-0,1
770-0 株式会社　菅野工業 様,Private,FALSE,https://hasegawakaikeirpa.sharepoint.com/sites/770-0,1
479-0 有限会社　ジィーエム 様,Private,FALSE,https://hasegawakaikeirpa.sharepoint.com/sites/479-0,1
469-0 社会福祉法人　ひとは福祉会 様,Private,FALSE,https://hasegawakaikeirpa.sharepoint.com/sites/469-0,1
1422-0 おおはら歯科クリニック 様,Private,FALSE,https://hasegawakaikeirpa.sharepoint.com/sites/1422-0,1
1142-0 雅興業 様,Private,FALSE,https://hasegawakaikeirpa.sharepoint.com/sites/1142-0,1
1011-0 西村　英亨 様,Private,FALSE,https://hasegawakaikeirpa.sharepoint.com/sites/1011-0,1
235-0 有限会社　バンカー・サプライ 様,Private,FALSE,https://hasegawakaikeirpa.sharepoint.com/sites/235-0,1
874-0 合同会社 Joy Support Service 様,Private,FALSE,https://hasegawakaikeirpa.sharepoint.com/sites/874-0JoySupportService,8
1080-0 安部電工 様,Private,FALSE,https://hasegawakaikeirpa.sharepoint.com/sites/1080-0,1
1975-0 ｇｌｉｍｐｓｅ 様,Private,FALSE,https://hasegawakaikeirpa.sharepoint.com/sites/1975-0,1
400-0 広島県建設労働組合　第七地域連合広島 様,Private,FALSE,https://hasegawakaikeirpa.sharepoint.com/sites/400-0,1
483-0 株式会社　中川組 様,Private,FALSE,https://hasegawakaikeirpa.sharepoint.com/sites/483-0,1
1079-0 三宅工務店 様,Private,FALSE,https://hasegawakaikeirpa.sharepoint.com/sites/1079-0,1
1170-0 たんぽぽ小児歯科 様,Private,FALSE,https://hasegawakaikeirpa.sharepoint.com/sites/1170-0,1
458-0 第一システム　株式会社 様,Private,FALSE,https://hasegawakaikeirpa.sharepoint.com/sites/458-0,1
332-0 広島食人　株式会社 様,Private,FALSE,https://hasegawakaikeirpa.sharepoint.com/sites/332-0,1
215-0 有限会社　ＡＰＣ企画 様,Private,FALSE,https://hasegawakaikeirpa.sharepoint.com/sites/215-0,1
884-0 社会福祉法人　みどりの町 様,Private,FALSE,https://hasegawakaikeirpa.sharepoint.com/sites/884-0,1
475-0 株式会社　クレアネット 様,Private,FALSE,https://hasegawakaikeirpa.sharepoint.com/sites/475-0,1
422-0 有限会社　クレヨン 様,Private,FALSE,https://hasegawakaikeirpa.sharepoint.com/sites/422-0,1
1435-0 Ｋｕｒｕｒｕ 様,Private,FALSE,https://hasegawakaikeirpa.sharepoint.com/sites/1435-0,1
1639-0 小料理　満 様,Private,FALSE,https://hasegawakaikeirpa.sharepoint.com/sites/1639-0,1
1267-0 チャーム 様,Private,FALSE,https://hasegawakaikeirpa.sharepoint.com/sites/1267-0,1
317-0 Ｊカンパニー　株式会社 様,Private,FALSE,https://hasegawakaikeirpa.sharepoint.com/sites/317-0,1
757-0 株式会社　Ｒ－ｔｙｐｅ 様,Private,FALSE,https://hasegawakaikeirpa.sharepoint.com/sites/757-0,1
65-0 有限会社　野武士 様,Private,FALSE,https://hasegawakaikeirpa.sharepoint.com/sites/65-0,1
1407-0 橋本園芸場 様,Private,FALSE,https://hasegawakaikeirpa.sharepoint.com/sites/1407-0,1
907-0 サンセイフーズ企業組合 様,Private,FALSE,https://hasegawakaikeirpa.sharepoint.com/sites/907-0,1
1247-0 遠藤電気設備 様,Private,FALSE,https://hasegawakaikeirpa.sharepoint.com/sites/1247-0,1
365-0 有限会社　プラスル 様,Private,FALSE,https://hasegawakaikeirpa.sharepoint.com/sites/365-0,1
493-0 医療法人　山威会 様,Private,FALSE,https://hasegawakaikeirpa.sharepoint.com/sites/493-0,1
1290-0 ＡＮＣＨＯＲＥＴ 様,Private,FALSE,https://hasegawakaikeirpa.sharepoint.com/sites/1290-0,1
231-0 株式会社　ＡＬＢＵＭ 様,Private,FALSE,https://hasegawakaikeirpa.sharepoint.com/sites/231-0,1
79-0 株式会社　昇和興業 様,Private,FALSE,https://hasegawakaikeirpa.sharepoint.com/sites/79-0,1
1039-0 Ｂａｃｋｐａｃｋｅｒ‘ｓ　Ｂａｒ　ＣＡＭＥＬ 様,Private,FALSE,https://hasegawakaikeirpa.sharepoint.com/sites/1039-0,1
715-0 株式会社　康工業 様,Private,FALSE,https://hasegawakaikeirpa.sharepoint.com/sites/715-0,1
1092-0 まさき歯科クリニック　田部　雅樹 様,Private,FALSE,https://hasegawakaikeirpa.sharepoint.com/sites/1092-0,1
1440-0 さくらい歯科 様,Private,FALSE,https://hasegawakaikeirpa.sharepoint.com/sites/1440-0,1
1424-0 Ｋスタイル 様,Private,FALSE,https://hasegawakaikeirpa.sharepoint.com/sites/1424-0,1
1412-0 居酒屋　土筆 様,Private,FALSE,https://hasegawakaikeirpa.sharepoint.com/sites/1412-0,1
306-0 有限会社　バイカーズ・ベア 様,Private,FALSE,https://hasegawakaikeirpa.sharepoint.com/sites/306-0,1
260-0 医療法人社団　向井眼科 様,Private,FALSE,https://hasegawakaikeirpa.sharepoint.com/sites/260-0,1
439-0 有限会社　サイレンス 様,Private,FALSE,https://hasegawakaikeirpa.sharepoint.com/sites/439-0,1
9429-0 株式会社　ＳＡＫＯ　ＳＨＯＴＥＮ 様,Private,FALSE,https://hasegawakaikeirpa.sharepoint.com/sites/9429-0,1
31-0 エビス・コーダイシ　株式会社 様,Private,FALSE,https://hasegawakaikeirpa.sharepoint.com/sites/31-0,1
831-0 株式会社　リチャーズ 様,Private,FALSE,https://hasegawakaikeirpa.sharepoint.com/sites/831-0,1
771-0 株式会社　Ｙ．Ｋ．Ｆ 様,Private,FALSE,https://hasegawakaikeirpa.sharepoint.com/sites/771-0,1
1989-0 松尾ガレージ 様,Private,FALSE,https://hasegawakaikeirpa.sharepoint.com/sites/1989-0,1
325-0 有限会社　佐々木弘工務店 様,Private,FALSE,https://hasegawakaikeirpa.sharepoint.com/sites/325-0,1
1873-0 ほっともっと佐伯区役所前店 様,Private,FALSE,https://hasegawakaikeirpa.sharepoint.com/sites/1873-0,1
1998-0 米山　宜孝 様,Private,FALSE,https://hasegawakaikeirpa.sharepoint.com/sites/1998-0,1
919-0 スマートネクスト　株式会社 様,Private,FALSE,https://hasegawakaikeirpa.sharepoint.com/sites/919-0,1
1737-0 渡辺建工 様,Private,FALSE,https://hasegawakaikeirpa.sharepoint.com/sites/1737-0,1
1509-0 ヘアーサロン　ヤマサキ 様,Private,FALSE,https://hasegawakaikeirpa.sharepoint.com/sites/1509-0,1
827-0 株式会社ミムラスチール 様,Private,FALSE,https://hasegawakaikeirpa.sharepoint.com/sites/827-0,1
108-0 合同会社　壬辰 様,Private,FALSE,https://hasegawakaikeirpa.sharepoint.com/sites/108-0,1
91-0 株式会社　ニシムラ 様,Private,FALSE,https://hasegawakaikeirpa.sharepoint.com/sites/91-0,1
941-0 安佐北モータース　株式会社 様,Private,FALSE,https://hasegawakaikeirpa.sharepoint.com/sites/941-0,1
342-0 有限会社　マツシタ 様,Private,FALSE,https://hasegawakaikeirpa.sharepoint.com/sites/342-0,1
793-0 西部建設株式会社 様,Private,FALSE,https://hasegawakaikeirpa.sharepoint.com/sites/793-0,1
1373-0 ＡＢＬＡＺＥ 様,Private,FALSE,https://hasegawakaikeirpa.sharepoint.com/sites/1373-0,1
1302-0 中国料理　川菜味 様,Private,FALSE,https://hasegawakaikeirpa.sharepoint.com/sites/1302-0,1
777-0 株式会社　フォーエム 様,Private,FALSE,https://hasegawakaikeirpa.sharepoint.com/sites/777-0,1
1552-0 ニッソウ 様,Private,FALSE,https://hasegawakaikeirpa.sharepoint.com/sites/1552-0,1
1051-0 藤川工業 様,Private,FALSE,https://hasegawakaikeirpa.sharepoint.com/sites/1051-0,1
933-0 株式会社　髙木 様,Private,FALSE,https://hasegawakaikeirpa.sharepoint.com/sites/933-0,1
1165-0 かしづき歯科クリニック 様,Private,FALSE,https://hasegawakaikeirpa.sharepoint.com/sites/1165-0,1
1741-0 くらいし花樹接骨院 様,Private,FALSE,https://hasegawakaikeirpa.sharepoint.com/sites/1741-0,1
705-0 株式会社　ルーチェ 様,Private,FALSE,https://hasegawakaikeirpa.sharepoint.com/sites/705-0,1
801-0 社会福祉法人　大崎福祉会 様,Private,FALSE,https://hasegawakaikeirpa.sharepoint.com/sites/801-0,1
1240-0 渡辺防災 様,Private,FALSE,https://hasegawakaikeirpa.sharepoint.com/sites/1240-0,1
331-0 株式会社　Ｓｏ－ｋｏ 様,Private,FALSE,https://hasegawakaikeirpa.sharepoint.com/sites/331-0,1
239-0 株式会社ヨシカワ 様,Private,FALSE,https://hasegawakaikeirpa.sharepoint.com/sites/239-0,1
1363-0 中華料理　四季 様,Private,FALSE,https://hasegawakaikeirpa.sharepoint.com/sites/1363-0,1
269-0 有限会社　森脇工業 様,Private,FALSE,https://hasegawakaikeirpa.sharepoint.com/sites/269-0,1
1327-0 ＩＮ　ＶＩＬＬＡＧＥ　ＨＡＩＲ 様,Private,FALSE,https://hasegawakaikeirpa.sharepoint.com/sites/1327-0,1
150-0 有限会社　陽気 様,Private,FALSE,https://hasegawakaikeirpa.sharepoint.com/sites/150-0,1
9789-0 九重株式会社 様,Private,FALSE,https://hasegawakaikeirpa.sharepoint.com/sites/9789-0,1
453-0 ハイコンセプト株式会社 様,Private,FALSE,https://hasegawakaikeirpa.sharepoint.com/sites/453-0,1
117-0 株式会社　エレシステム 様,Private,FALSE,https://hasegawakaikeirpa.sharepoint.com/sites/117-0,1
1851-0 七五三太長屋本店 様,Private,FALSE,https://hasegawakaikeirpa.sharepoint.com/sites/1851-0,1
456-0 株式会社　ナイス保険オフィス 様,Private,FALSE,https://hasegawakaikeirpa.sharepoint.com/sites/456-0,1
94-0 あさみやフーズ株式会社 様,Private,FALSE,https://hasegawakaikeirpa.sharepoint.com/sites/94-0,1
442-0 株式会社　ＲＩＳＥ 様,Private,FALSE,https://hasegawakaikeirpa.sharepoint.com/sites/442-0,1
9888-0 アイリアル株式会社 様,Private,FALSE,https://hasegawakaikeirpa.sharepoint.com/sites/9888-0,1
1767-0 Ｃｈａｒｃｏａｌ　Ｄｉｎｉｎｇ　寛 様,Private,FALSE,https://hasegawakaikeirpa.sharepoint.com/sites/1767-0,1
679-0 ＴＨＲＥＥ　０　ＭＩＳＳＩＯＮ　合同会社 様,Private,FALSE,https://hasegawakaikeirpa.sharepoint.com/sites/679-0,1
972-0 株式会社　アイエスワークス 様,Private,FALSE,https://hasegawakaikeirpa.sharepoint.com/sites/972-0,1
1840-0 こいくち家 様,Private,FALSE,https://hasegawakaikeirpa.sharepoint.com/sites/1840-0,1
214-0 株式会社　りんごらんど 様,Private,FALSE,https://hasegawakaikeirpa.sharepoint.com/sites/214-0,1
1909-0 誉組 様,Private,FALSE,https://hasegawakaikeirpa.sharepoint.com/sites/1909-0,1
40-0 株式会社　Ｒｅｇｉｓｔａ 様,Private,FALSE,https://hasegawakaikeirpa.sharepoint.com/sites/40-0,1
1925-0 師商 様,Private,FALSE,https://hasegawakaikeirpa.sharepoint.com/sites/1925-0,1
9981-0 株式会社　ヒロ開発 様,Private,FALSE,https://hasegawakaikeirpa.sharepoint.com/sites/9981-0,1
956-0 株式会社　オアシス 様,Private,FALSE,https://hasegawakaikeirpa.sharepoint.com/sites/956-0,1
415-0 株式会社　スタック 様,Private,FALSE,https://hasegawakaikeirpa.sharepoint.com/sites/415-0,1
37-0 有限会社　リセット 様,Private,FALSE,https://hasegawakaikeirpa.sharepoint.com/sites/37-0,1
1202-0 久保空調 様,Private,FALSE,https://hasegawakaikeirpa.sharepoint.com/sites/1202-0,1
918-0 株式会社　ゆうき 様,Private,FALSE,https://hasegawakaikeirpa.sharepoint.com/sites/918-0,1
450-0 西部産業　株式会社 様,Private,FALSE,https://hasegawakaikeirpa.sharepoint.com/sites/450-0,1
315-0 有限会社　ディ・ルーム 様,Private,FALSE,https://hasegawakaikeirpa.sharepoint.com/sites/315-0,1
369-0 パワトランスコム　有限会社 様,Private,FALSE,https://hasegawakaikeirpa.sharepoint.com/sites/369-0,1
303-0 合同会社　ＰＬＵＳ１ 様,Private,FALSE,https://hasegawakaikeirpa.sharepoint.com/sites/303-0,1
754-0 株式会社　タナカホームズ 様,Private,FALSE,https://hasegawakaikeirpa.sharepoint.com/sites/754-0,1
867-0 株式会社　スマイルフィッシュ 様,Private,FALSE,https://hasegawakaikeirpa.sharepoint.com/sites/867-0,118
1832-0 Ｐｌａｉｓｉｒ 様,Private,FALSE,https://hasegawakaikeirpa.sharepoint.com/sites/1832-0,1
966-0 株式会社　つかもと養蜂場 様,Private,FALSE,https://hasegawakaikeirpa.sharepoint.com/sites/966-0,1
1467-0 だて接骨院 様,Private,FALSE,https://hasegawakaikeirpa.sharepoint.com/sites/1467-0,1
121-0 有限会社　石田鉄工所 様,Private,FALSE,https://hasegawakaikeirpa.sharepoint.com/sites/121-0,1
459-0 ヒゲロク　株式会社 様,Private,FALSE,https://hasegawakaikeirpa.sharepoint.com/sites/459-0,1
53-0 有限会社　増木工業 様,Private,FALSE,https://hasegawakaikeirpa.sharepoint.com/sites/53-0,1
1220-0 魚肴食堂・大山分校 様,Private,FALSE,https://hasegawakaikeirpa.sharepoint.com/sites/1220-0,1
1271-0 門前町デンタルクリニック 様,Private,FALSE,https://hasegawakaikeirpa.sharepoint.com/sites/1271-0,1
138-0 株式会社　コジマホールディングス 様,Private,FALSE,https://hasegawakaikeirpa.sharepoint.com/sites/138-0,1
345-0 金清産業　有限会社 様,Private,FALSE,https://hasegawakaikeirpa.sharepoint.com/sites/345-0,1
1106-0 西藤工業 様,Private,FALSE,https://hasegawakaikeirpa.sharepoint.com/sites/1106-0,1
398-0 株式会社　ＩＬ 様,Private,FALSE,https://hasegawakaikeirpa.sharepoint.com/sites/398-0,1
830-0 株式会社　警研社 様,Private,FALSE,https://hasegawakaikeirpa.sharepoint.com/sites/830-0,1
853-0 アイティープラス　株式会社 様,Private,FALSE,https://hasegawakaikeirpa.sharepoint.com/sites/853-0,1
678-0 株式会社　スラッガー 様,Private,FALSE,https://hasegawakaikeirpa.sharepoint.com/sites/678-0,1
72-0 有限会社　トチギ 様,Private,FALSE,https://hasegawakaikeirpa.sharepoint.com/sites/72-0,1
970-0 株式会社　ノーエンジンデン 様,Private,FALSE,https://hasegawakaikeirpa.sharepoint.com/sites/970-0,1
1428-0 ｂａｒ　Ｓｏｌａｓ 様,Private,FALSE,https://hasegawakaikeirpa.sharepoint.com/sites/1428-0,1
410-0 合同会社　ＡＵＧＵＳＴ 様,Private,FALSE,https://hasegawakaikeirpa.sharepoint.com/sites/410-0,1
9692-0 殿林物流サービス　株式会社 様,Private,FALSE,https://hasegawakaikeirpa.sharepoint.com/sites/9692-0,1
1175-0 もっちゃん 様,Private,FALSE,https://hasegawakaikeirpa.sharepoint.com/sites/1175-0,1
887-0 株式会社　トレイドマン 様,Private,FALSE,https://hasegawakaikeirpa.sharepoint.com/sites/887-0,1
990-0 医療法人　山紫会 様,Private,FALSE,https://hasegawakaikeirpa.sharepoint.com/sites/990-0,1
1444-0 司法書士・行政書士　たか法務事務所 様,Private,FALSE,https://hasegawakaikeirpa.sharepoint.com/sites/1444-0,1
1345-0 うね医療事務センター 様,Private,FALSE,https://hasegawakaikeirpa.sharepoint.com/sites/1345-0,1
184-0 有限会社　ショウワ 様,Private,FALSE,https://hasegawakaikeirpa.sharepoint.com/sites/184-0,1
4125-0 長船海産株式会社 様,Private,FALSE,https://hasegawakaikeirpa.sharepoint.com/sites/4125-0,1
1487-0 ヘアデザイン　アルヴェロ 様,Private,FALSE,https://hasegawakaikeirpa.sharepoint.com/sites/1487-0,1
83-0 メイト　合同会社 様,Private,FALSE,https://hasegawakaikeirpa.sharepoint.com/sites/83-0,1
157-0 有限会社　殿林 様,Private,FALSE,https://hasegawakaikeirpa.sharepoint.com/sites/157-0,1
1279-0 佐々木接骨院 様,Private,FALSE,https://hasegawakaikeirpa.sharepoint.com/sites/1279-0,1
1374-0 焼肉　きたじま 様,Private,FALSE,https://hasegawakaikeirpa.sharepoint.com/sites/1374-0,1
825-0 あさみや珈琲　株式会社 様,Private,FALSE,https://hasegawakaikeirpa.sharepoint.com/sites/825-0,1
160-0 有限会社　タナカ硝子 様,Private,FALSE,https://hasegawakaikeirpa.sharepoint.com/sites/160-0,1
46-0 株式会社　原田屋 様,Private,FALSE,https://hasegawakaikeirpa.sharepoint.com/sites/46-0,1
1957-0 イタリア料理　Ｌｉｏｃｏｒｎｏ 様,Private,FALSE,https://hasegawakaikeirpa.sharepoint.com/sites/1957-0,1
1388-0 ヘアースタジオ　アドニス 様,Private,FALSE,https://hasegawakaikeirpa.sharepoint.com/sites/1388-0,1
1301-0 炭火串焼き　純 様,Private,FALSE,https://hasegawakaikeirpa.sharepoint.com/sites/1301-0,1
876-0 有限会社　ＣＡＲＥ 様,Private,FALSE,https://hasegawakaikeirpa.sharepoint.com/sites/876-0,1
206-0 株式会社　マコデン 様,Private,FALSE,https://hasegawakaikeirpa.sharepoint.com/sites/206-0,1
285-0 株式会社　ＹＩＳグループ 様,Private,FALSE,https://hasegawakaikeirpa.sharepoint.com/sites/285-0,1
1773-0 ＯＬＬＩＥ’Ｓ 様,Private,FALSE,https://hasegawakaikeirpa.sharepoint.com/sites/1773-0,1
149-0 株式会社　五石電設工業 様,Private,FALSE,https://hasegawakaikeirpa.sharepoint.com/sites/149-0,1
441-0 株式会社　ぺぺカルチャーエンターテイメント 様,Private,FALSE,https://hasegawakaikeirpa.sharepoint.com/sites/441-0,1
198-0 分田建設　株式会社 様,Private,FALSE,https://hasegawakaikeirpa.sharepoint.com/sites/198-0,1
701-0 ＤＯ－Ｂｒｏｓ　株式会社 様,Private,FALSE,https://hasegawakaikeirpa.sharepoint.com/sites/701-0,1
858-0 医療法人社団　鍈紀会 様,Private,FALSE,https://hasegawakaikeirpa.sharepoint.com/sites/858-0,1
1947-0 大衆酒場　やぶき 様,Private,FALSE,https://hasegawakaikeirpa.sharepoint.com/sites/1947-0,1
961-0 株式会社　インテリアエム 様,Private,FALSE,https://hasegawakaikeirpa.sharepoint.com/sites/961-0,1
1326-0 マンジャーレ 様,Private,FALSE,https://hasegawakaikeirpa.sharepoint.com/sites/1326-0,1
486-0 株式会社　フリーラック 様,Private,FALSE,https://hasegawakaikeirpa.sharepoint.com/sites/486-0,1
247-0 株式会社　イーグルエンタープライズ 様,Private,FALSE,https://hasegawakaikeirpa.sharepoint.com/sites/247-0,1
1410-0 本通り鍼灸接骨院 様,Private,FALSE,https://hasegawakaikeirpa.sharepoint.com/sites/1410-0,1
9189-0 勇気鍼灸整骨院 様,Private,FALSE,https://hasegawakaikeirpa.sharepoint.com/sites/9189-0,1
77-0 吉加工業　株式会社 様,Private,FALSE,https://hasegawakaikeirpa.sharepoint.com/sites/77-0,1
1153-0 廣島酒処　じょうや 様,Private,FALSE,https://hasegawakaikeirpa.sharepoint.com/sites/1153-0,1
1263-0 ほっともっと宮内店 様,Private,FALSE,https://hasegawakaikeirpa.sharepoint.com/sites/1263-0,1
501-0 有限会社　大翔 様,Private,FALSE,https://hasegawakaikeirpa.sharepoint.com/sites/501-0,1
1121-0 ＴＰ　ｄｉｎｉｎｇ＆ｃａｆｅ　ＴＩＮＯ 様,Private,FALSE,https://hasegawakaikeirpa.sharepoint.com/sites/1121-0,1
93-0 株式会社　山陽タオル 様,Private,FALSE,https://hasegawakaikeirpa.sharepoint.com/sites/93-0,1
829-0 有限会社　ジグソー 様,Private,FALSE,https://hasegawakaikeirpa.sharepoint.com/sites/829-0,1
4110-0 株式会社　福田電信 様,Private,FALSE,https://hasegawakaikeirpa.sharepoint.com/sites/4110-0,1
194-0 株式会社　あきん 様,Private,FALSE,https://hasegawakaikeirpa.sharepoint.com/sites/194-0,1
229-0 有限会社　山陽テープ 様,Private,FALSE,https://hasegawakaikeirpa.sharepoint.com/sites/229-0,1
920-0 株式会社　ファストリメイク 様,Private,FALSE,https://hasegawakaikeirpa.sharepoint.com/sites/920-0,1
337-0 株式会社　プログレス 様,Private,FALSE,https://hasegawakaikeirpa.sharepoint.com/sites/337-0,1
183-0 ソラノビル 様,Private,FALSE,https://hasegawakaikeirpa.sharepoint.com/sites/183-0,2
850-0 有限会社　ほてい屋 様,Private,FALSE,https://hasegawakaikeirpa.sharepoint.com/sites/850-0,1
735-0 合同会社　ＫＳＲ 様,Private,FALSE,https://hasegawakaikeirpa.sharepoint.com/sites/735-0,1
84-0 有限会社　博多商店 様,Private,FALSE,https://hasegawakaikeirpa.sharepoint.com/sites/84-0,1
1140-0 プレーゴ・ヘア・メイク 様,Private,FALSE,https://hasegawakaikeirpa.sharepoint.com/sites/1140-0,1
164-0 有限会社　共同ネオン電機 様,Private,FALSE,https://hasegawakaikeirpa.sharepoint.com/sites/164-0,1
749-0 株式会社　コスモケア・エナジー 様,Private,FALSE,https://hasegawakaikeirpa.sharepoint.com/sites/749-0,1
1954-0 松尾防水 様,Private,FALSE,https://hasegawakaikeirpa.sharepoint.com/sites/1954-0,1
1054-0 佐々木メンタルクリニック 様,Private,FALSE,https://hasegawakaikeirpa.sharepoint.com/sites/1054-0,1
423-0 株式会社　Ｄｏｌｃｉ 様,Private,FALSE,https://hasegawakaikeirpa.sharepoint.com/sites/423-0,1
1204-0 美容室　ペーパームーン 様,Private,FALSE,https://hasegawakaikeirpa.sharepoint.com/sites/1204-0,1
821-0 株式会社　こだまどうぶつ病院 様,Private,FALSE,https://hasegawakaikeirpa.sharepoint.com/sites/821-0,1
223-0 有限会社　たけだ工業所 様,Private,FALSE,https://hasegawakaikeirpa.sharepoint.com/sites/223-0,1
846-0 株式会社　Ｃｏｕｌｅｕｒ 様,Private,FALSE,https://hasegawakaikeirpa.sharepoint.com/sites/846-0,1
388-0 株式会社　シーセブンアソシエイツ 様,Private,FALSE,https://hasegawakaikeirpa.sharepoint.com/sites/388-0,1
50-0 みどり観光開発　株式会社 様,Private,FALSE,https://hasegawakaikeirpa.sharepoint.com/sites/50-0,1
764-0 株式会社　プログレス 様,Private,FALSE,https://hasegawakaikeirpa.sharepoint.com/sites/764-0,1
1626-0 セブンイレブン広島八木１丁目店 様,Private,FALSE,https://hasegawakaikeirpa.sharepoint.com/sites/1626-0,1
1078-0 ファミリア歯科 様,Private,FALSE,https://hasegawakaikeirpa.sharepoint.com/sites/1078-0,1
95-0 株式会社　モダンハウジング 様,Private,FALSE,https://hasegawakaikeirpa.sharepoint.com/sites/95-0,1
491-0 株式会社　アラムデント 様,Private,FALSE,https://hasegawakaikeirpa.sharepoint.com/sites/491-0,1
216-0 株式会社　ＦＴ 様,Private,FALSE,https://hasegawakaikeirpa.sharepoint.com/sites/216-0,1
67-0 有限会社　ファイン 様,Private,FALSE,https://hasegawakaikeirpa.sharepoint.com/sites/67-0,1
307-0 株式会社　きやま 様,Private,FALSE,https://hasegawakaikeirpa.sharepoint.com/sites/307-0,1
1261-0 吉田住設 様,Private,FALSE,https://hasegawakaikeirpa.sharepoint.com/sites/1261-0,1
98-0 株式会社　木ままや 様,Private,FALSE,https://hasegawakaikeirpa.sharepoint.com/sites/98-0,1
446-0 株式会社　眞電 様,Private,FALSE,https://hasegawakaikeirpa.sharepoint.com/sites/446-0,1
209-0 弁護士法人　リーガルジャパン 様,Private,FALSE,https://hasegawakaikeirpa.sharepoint.com/sites/209-0,1
161-0 株式会社　森下電設工業 様,Private,FALSE,https://hasegawakaikeirpa.sharepoint.com/sites/161-0,1
859-0 株式会社　セフィロト 様,Private,FALSE,https://hasegawakaikeirpa.sharepoint.com/sites/859-0,1
1878-0 焼肉　充 様,Private,FALSE,https://hasegawakaikeirpa.sharepoint.com/sites/1878-0,1
691-0 株式会社　小松塗装店 様,Private,FALSE,https://hasegawakaikeirpa.sharepoint.com/sites/691-0,1
377-0 徳広商事　株式会社 様,Private,FALSE,https://hasegawakaikeirpa.sharepoint.com/sites/377-0,1
927-0 有限会社　中村設計 様,Private,FALSE,https://hasegawakaikeirpa.sharepoint.com/sites/927-0,1
982-0 株式会社　大和屋 様,Private,FALSE,https://hasegawakaikeirpa.sharepoint.com/sites/982-0,1
903-0 Ｍｏｚルームコンサル株式会社 様,Private,FALSE,https://hasegawakaikeirpa.sharepoint.com/sites/903-0,1
1659-0 Ｍｅｎ’ｓ　Ｈａｉｒ　Ｓａｌｏｎ　ＧＲｅＥＮ 様,Private,FALSE,https://hasegawakaikeirpa.sharepoint.com/sites/1659-0,1
1463-0 えだひろ内科成人病クリニック 様,Private,FALSE,https://hasegawakaikeirpa.sharepoint.com/sites/1463-0,1
41-0 有限会社　山地内装工芸 様,Private,FALSE,https://hasegawakaikeirpa.sharepoint.com/sites/41-0,1
193-0 株式会社　ココスマ 様,Private,FALSE,https://hasegawakaikeirpa.sharepoint.com/sites/193-0,1
135-0 ハウス・クリエイト　有限会社 様,Private,FALSE,https://hasegawakaikeirpa.sharepoint.com/sites/135-0,1
145-0 有限会社　テクノサプライ 様,Private,FALSE,https://hasegawakaikeirpa.sharepoint.com/sites/145-0,1
1114-0 ＡＩＣデンタルクリニック 様,Private,FALSE,https://hasegawakaikeirpa.sharepoint.com/sites/1114-0,1
463-0 株式会社　星光 様,Private,FALSE,https://hasegawakaikeirpa.sharepoint.com/sites/463-0,1
4075-0 芸溶興業 様,Private,FALSE,https://hasegawakaikeirpa.sharepoint.com/sites/4075-0,1
848-0 株式会社　ＦＨ 様,Private,FALSE,https://hasegawakaikeirpa.sharepoint.com/sites/848-0,1
1406-0 ｔａｖｅｒｎａ　ＴＡＫＥＤＡ 様,Private,FALSE,https://hasegawakaikeirpa.sharepoint.com/sites/1406-0,1
190-0 ＢＯＰＯ　ｅ　ｊａｐａｎ　株式会社 様,Private,FALSE,https://hasegawakaikeirpa.sharepoint.com/sites/190-0,1
1804-0 吉岡デンタルキュア 様,Private,FALSE,https://hasegawakaikeirpa.sharepoint.com/sites/1804-0,1
301-0 小島紙器工業　株式会社 様,Private,FALSE,https://hasegawakaikeirpa.sharepoint.com/sites/301-0,1
1956-0 岡崎歯科口腔外科 様,Private,FALSE,https://hasegawakaikeirpa.sharepoint.com/sites/1956-0,1
1384-0 骨々亭 様,Private,FALSE,https://hasegawakaikeirpa.sharepoint.com/sites/1384-0,1
124-0 株式会社　中村建築 様,Private,FALSE,https://hasegawakaikeirpa.sharepoint.com/sites/124-0,1
704-0 有限会社　山尾工務店 様,Private,FALSE,https://hasegawakaikeirpa.sharepoint.com/sites/704-0,1
9892-0 愛商事　有限会社 様,Private,FALSE,https://hasegawakaikeirpa.sharepoint.com/sites/9892-0,1
336-0 株式会社　広島テクニック 様,Private,FALSE,https://hasegawakaikeirpa.sharepoint.com/sites/336-0,1
905-0 三益物産　協同組合 様,Private,FALSE,https://hasegawakaikeirpa.sharepoint.com/sites/905-0,1
270-0 株式会社　グローグッドコーポレーション 様,Private,FALSE,https://hasegawakaikeirpa.sharepoint.com/sites/270-0,1
1019-0 にし耳鼻咽喉科クリニック 様,Private,FALSE,https://hasegawakaikeirpa.sharepoint.com/sites/1019-0,1
406-0 株式会社　信輝 様,Private,FALSE,https://hasegawakaikeirpa.sharepoint.com/sites/406-0,1
397-0 株式会社　建栄 様,Private,FALSE,https://hasegawakaikeirpa.sharepoint.com/sites/397-0,1
430-0 令和スイッチ株式会社 様,Private,FALSE,https://hasegawakaikeirpa.sharepoint.com/sites/430-0,1
738-0 ㈱久保アグリファーム 様,Private,FALSE,https://hasegawakaikeirpa.sharepoint.com/sites/738-0,2
298-0 有限会社　郷原呉服堂 様,Private,FALSE,https://hasegawakaikeirpa.sharepoint.com/sites/298-0,1
82-0 有限会社　三興 様,Private,FALSE,https://hasegawakaikeirpa.sharepoint.com/sites/82-0,1
4024-0 西原加工水産 様,Private,FALSE,https://hasegawakaikeirpa.sharepoint.com/sites/4024-0,1
4002-0 有限会社　下中鉄工所 様,Private,FALSE,https://hasegawakaikeirpa.sharepoint.com/sites/4002-0,1
750-0 山一建機　株式会社 様,Private,FALSE,https://hasegawakaikeirpa.sharepoint.com/sites/750-0,1
320-0 株式会社　杉野自動車 様,Private,FALSE,https://hasegawakaikeirpa.sharepoint.com/sites/320-0,1
955-0 株式会社　古都葉 様,Private,FALSE,https://hasegawakaikeirpa.sharepoint.com/sites/955-0,1
